WTPT-3,100.0
MDEC-24,64.4871
nBondsD,32.153683
ETA_BetaP_s,27.76299
nHBAcc_Lipinski,20.203175
MDEO-22,17.917194
ATSm1,17.523329
ETA_Epsilon_1,15.304148
nssCH2,14.583071
nF11Ring,13.769369
ATSp4,13.723426
mindssC,13.453202
WTPT-5,12.682401
MDEO-11,11.657993
minaasN,9.731509
nHBAcc,9.472352
naAromAtom,9.331448
ETA_dEpsilon_A,9.087018
maxHCsatu,8.800801
MAXDN,8.446174
ATSm3,8.030268
TopoPSA,7.572066
maxsCH3,7.27975
nF10Ring,6.930121
Kier1,6.8308897
ETA_Eta_F,6.603486
ETA_Epsilon_3,6.41624
minHBint2,6.1247835
ETA_Epsilon_4,5.9521503
ETA_EtaP,5.871954
nBondsT,5.766228
minHdsCH,5.5113716
AMR,5.383506
SaaCH,5.373845
ETA_EtaP_B_RC,5.2391844
SsssN,5.110816
ETA_dEpsilon_B,5.0558906
ETA_Eta_L,5.048654
ALogp2,5.0434103
PetitjeanNumber,4.982353
BCUTw-1l,4.7221327
maxsssCH,4.7173715
SssCH2,4.6619473
VPC-5,4.6526036
SCH-7,4.630328
nAtom,4.4180164
VP-2,3.94735
SsOH,3.7893634
FMF,3.7714639
MDEC-23,3.7380338
ETA_BetaP,3.602999
minsssN,3.5757053
SssO,3.4706016
bpol,3.4340565
maxHBa,3.417139
minsOH,3.3568285
ATSc5,3.3115056
SP-3,3.2820213
ETA_Epsilon_2,3.1923656
BCUTp-1l,3.1598728
WTPT-2,3.1310942
SP-1,2.9942796
MLFER_L,2.8417776
VC-3,2.7748528
C2SP2,2.7307963
nAtomLC,2.6670527
ALogP,2.6243558
DELS,2.6091769
ETA_Shape_Y,2.5478988
SdssC,2.5421717
ETA_dBetaP,2.46641
maxaasC,2.3849628
minHBint10,2.3714173
maxHaaCH,2.304466
minsCH3,2.3019507
maxtsC,2.2404213
nAtomLAC,2.1960485
MDEN-23,2.1942449
nBondsS2,2.1048727
BCUTc-1l,2.0677857
SHBint2,2.0054097
nT6Ring,1.9676102
minaaaC,1.9504849
minaaCH,1.9290577
nBondsS3,1.9198543
MDEC-11,1.9028418
minHBint9,1.8996189
SHother,1.863235
minwHBa,1.806817
SHCsatu,1.803226
MDEN-22,1.7764701
ETA_EtaP_F_L,1.7755246
MLFER_S,1.7430879
sumI,1.7424494
SsCH3,1.7246113
BCUTp-1h,1.6663773
ATSc3,1.5902772
Kier2,1.5842253
ATSc4,1.573663
maxHBd,1.5368574
minHaaCH,1.4318358
MDEC-12,1.4251962
ETA_Epsilon_5,1.3730869
maxwHBa,1.3536613
VC-5,1.3472679
maxssCH2,1.3232323
minHBint5,1.3229115
minssCH2,1.253982
minHBa,1.1905508
C2SP3,1.1862091
SC-5,1.1822516
BCUTc-1h,1.1489757
ETA_dEpsilon_D,1.1441997
ATSp5,1.1393818
minHBint6,1.1218239
minaasC,1.1042453
minHCsats,1.094925
maxHCsats,1.059401
SHBd,1.0310048
ETA_dBeta,1.0049628
ETA_dEpsilon_C,0.9967749
gmin,0.9955797
SHBa,0.9788033
ATSc2,0.97824216
VPC-4,0.93231946
maxaaCH,0.9322551
VC-6,0.9303747
MAXDN2,0.92630273
SHBint5,0.90106905
MDEC-22,0.88561887
SHsOH,0.85779357
SHaaCH,0.8374734
WTPT-1,0.8311353
SHCsats,0.81297773
ETA_BetaP_ns,0.8032161
maxHBint5,0.74910873
ETA_EtaP_F,0.7301143
maxHBint3,0.7264542
LipoaffinityIndex,0.7193376
VCH-5,0.71012235
ATSp3,0.6992057
ndssC,0.68557775
SP-6,0.6810751
VP-6,0.6797406
ETA_Beta,0.6653844
MLFER_E,0.6598236
MDEC-13,0.6571017
SP-4,0.64965636
CrippenLogP,0.6493806
SsssCH,0.64781785
SwHBa,0.64314675
SHBint9,0.621391
hmin,0.62099487
maxHsOH,0.5797432
SHAvin,0.5775544
Kier3,0.57120806
SP-5,0.570686
SC-3,0.5541532
hmax,0.5430386
HybRatio,0.50842005
SPC-4,0.48626974
ATSc1,0.46107563
ETA_Psi_1,0.45991457
BCUTw-1h,0.4473313
ETA_Shape_P,0.44640023
VP-5,0.44573992
ECCEN,0.4431296
SP-7,0.4431212
VP-4,0.4348828
VP-1,0.43391278
ATSm4,0.40149736
ETA_Eta,0.39359474
C3SP3,0.35264933
nH,0.34562334
SPC-6,0.3263881
minHBint3,0.3202923
SaaaC,0.31566828
minHCsatu,0.31238508
MLFER_BH,0.28817979
VCH-7,0.2830341
MLFER_BO,0.26644242
SHBint10,0.26626313
XLogP,0.26101515
ATSm2,0.25910568
maxdssC,0.25360227
SaasC,0.23815562
maxsOH,0.23809804
ETA_EtaP_B,0.20785613
nAtomP,0.20135124
gmax,0.19710019
VP-3,0.1909676
MDEC-33,0.17994572
minsssCH,0.17392787
WTPT-4,0.16969648
minHBd,0.16017003
ETA_EtaP_L,0.14446083
VP-0,0.13950442
MAXDP2,0.1268864
nHBint6,0.12558912
C1SP3,0.10599726
ETA_AlphaP,0.10504016
ETA_Shape_X,0.10322331
nN,0.09114315
WPATH,0.088701755
ETA_Eta_B,0.08541975
maxHBint10,0.07905837
minHother,0.06998935
mindO,0.068826936
CrippenMR,0.05781135
maxssO,0.053664237
nsssCH,0.05314293
C3SP2,0.04808649
maxHother,0.04705115
SP-2,0.03745925
ETA_Eta_F_L,0.023840232
McGowan_Volume,0.01516747
nsSeH,0.0
nssssPb,0.0
nssSnH2,0.0
nssPbH2,0.0
nsI,0.0
nsPbH3,0.0
nsBr,0.0
nddssSe,0.0
nssGeH2,0.0
nsssGeH,0.0
nssssGe,0.0
nssssssSe,0.0
SHBint4,0.0
ndssSe,0.0
nssssSn,0.0
nsssSnH,0.0
SHBint3,0.0
nsssPbH,0.0
naaSe,0.0
nsSnH3,0.0
nsAsH2,0.0
SwHBd,0.0
nssAsH,0.0
nssSe,0.0
ndSe,0.0
nsssAs,0.0
ndsssAs,0.0
nddsAs,0.0
nsssssAs,0.0
Zagreb,0.0
SdsCH,0.0
SHBint6,0.0
SdsN,0.0
StsC,0.0
SssssC,0.0
SsNH3p,0.0
SsNH2,0.0
SssNH2p,0.0
SdNH,0.0
SssNH,0.0
SaaNH,0.0
StN,0.0
SsssNHp,0.0
SaaN,0.0
SHBint7,0.0
SddsN,0.0
SaasN,0.0
SssssNp,0.0
SdO,0.0
SaaO,0.0
SaOm,0.0
SsOm,0.0
SsF,0.0
SsSiH3,0.0
SssSiH2,0.0
SddC,0.0
nsCl,0.0
StCH,0.0
SdCH2,0.0
SHBint8,0.0
SHdNH,0.0
SHsSH,0.0
SHsNH2,0.0
SHssNH,0.0
SHaaNH,0.0
SHsNH3p,0.0
SHssNH2p,0.0
SHsssNHp,0.0
SHtCH,0.0
SHdCH2,0.0
SHdsCH,0.0
SHCHnX,0.0
SHmisc,0.0
SsLi,0.0
SssBe,0.0
SssssBem,0.0
SsBH2,0.0
SssBH,0.0
SsssB,0.0
SssssBm,0.0
nsGeH3,0.0
nHaaCH,0.0
nSm,0.0
nHtCH,0.0
VCH-4,0.0
VCH-6,0.0
SC-4,0.0
SC-6,0.0
VC-4,0.0
SPC-5,0.0
VPC-6,0.0
SP-0,0.0
VP-7,0.0
nHBd,0.0
nwHBd,0.0
nHBa,0.0
nwHBa,0.0
nHBint2,0.0
nHBint3,0.0
nHBint4,0.0
nHBint5,0.0
nHBint7,0.0
nHBint8,0.0
nHBint9,0.0
nHBint10,0.0
nHsOH,0.0
nHdNH,0.0
nHsSH,0.0
nHsNH2,0.0
nHssNH,0.0
nHaaNH,0.0
nHsNH3p,0.0
nHssNH2p,0.0
VCH-3,0.0
SCH-6,0.0
SCH-5,0.0
ATSm5,0.0
apol,0.0
nAromBond,0.0
nHeavyAtom,0.0
nB,0.0
nC,0.0
nO,0.0
nS,0.0
nP,0.0
nF,0.0
nCl,0.0
nBr,0.0
nI,0.0
nX,0.0
ATSp1,0.0
SCH-4,0.0
ATSp2,0.0
nBase,0.0
nBonds,0.0
nBonds2,0.0
nBondsS,0.0
nBondsD2,0.0
nBondsQ,0.0
nBondsM,0.0
C1SP1,0.0
C2SP1,0.0
C1SP2,0.0
C4SP3,0.0
SCH-3,0.0
nHsssNHp,0.0
nHdCH2,0.0
nssssssS,0.0
nHdsCH,0.0
ndsN,0.0
naaN,0.0
nsssN,0.0
nddsN,0.0
naasN,0.0
nssssNp,0.0
nsOH,0.0
ndO,0.0
nssO,0.0
naaO,0.0
naOm,0.0
nsOm,0.0
nsF,0.0
nsSiH3,0.0
nssSiH2,0.0
nsssSiH,0.0
nssssSi,0.0
nsPH2,0.0
nssPH,0.0
nsssP,0.0
ndsssP,0.0
nddsP,0.0
nsssssP,0.0
nsSH,0.0
ndS,0.0
nssS,0.0
naaS,0.0
ndssS,0.0
nddssS,0.0
nsssNHp,0.0
ntN,0.0
naaNH,0.0
nssssBm,0.0
SssssSi,0.0
nHCHnX,0.0
nHCsats,0.0
nHCsatu,0.0
nHAvin,0.0
nHother,0.0
nHmisc,0.0
nsLi,0.0
nssBe,0.0
nssssBem,0.0
nsBH2,0.0
nssBH,0.0
nsssB,0.0
nsCH3,0.0
nssNH,0.0
ndCH2,0.0
ntCH,0.0
ndsCH,0.0
naaCH,0.0
nddC,0.0
ntsC,0.0
naasC,0.0
naaaC,0.0
nssssC,0.0
nsNH3p,0.0
nsNH2,0.0
nssNH2p,0.0
ndNH,0.0
SsssSiH,0.0
minHssNH2p,0.0
SsPH2,0.0
maxsGeH3,0.0
maxSm,0.0
maxssssssS,0.0
maxddssS,0.0
maxdssS,0.0
maxaaS,0.0
maxssS,0.0
maxdS,0.0
maxsSH,0.0
maxsssssP,0.0
maxddsP,0.0
maxdsssP,0.0
maxsssP,0.0
maxssPH,0.0
maxsPH2,0.0
maxssssSi,0.0
maxsCl,0.0
maxssGeH2,0.0
maxssSiH2,0.0
maxsssGeH,0.0
maxsBr,0.0
maxddssSe,0.0
maxssssssSe,0.0
maxdssSe,0.0
maxaaSe,0.0
maxssSe,0.0
maxdSe,0.0
maxsSeH,0.0
maxsssssAs,0.0
maxddsAs,0.0
maxdsssAs,0.0
maxsssAs,0.0
maxssAsH,0.0
maxsAsH2,0.0
maxssssGe,0.0
maxsssSiH,0.0
maxsSiH3,0.0
maxHdCH2,0.0
maxsNH3p,0.0
maxaaaC,0.0
maxddC,0.0
maxdsCH,0.0
maxtCH,0.0
maxdCH2,0.0
maxssssBm,0.0
maxsssB,0.0
maxssBH,0.0
maxsBH2,0.0
maxssssBem,0.0
maxssBe,0.0
maxsLi,0.0
maxHmisc,0.0
maxHAvin,0.0
maxHCHnX,0.0
maxssssC,0.0
maxsNH2,0.0
maxsF,0.0
maxssNH2p,0.0
maxsOm,0.0
maxaOm,0.0
maxaaO,0.0
maxdO,0.0
maxssssNp,0.0
maxaasN,0.0
maxddsN,0.0
maxsssN,0.0
maxaaN,0.0
maxdsN,0.0
maxsssNHp,0.0
maxtN,0.0
maxaaNH,0.0
maxssNH,0.0
maxdNH,0.0
maxsSnH3,0.0
maxssSnH2,0.0
maxsssSnH,0.0
nF12Ring,0.0
nF8Ring,0.0
nF7Ring,0.0
nF6Ring,0.0
nF5Ring,0.0
nF4Ring,0.0
nFRing,0.0
nG12Ring,0.0
n12Ring,0.0
n11Ring,0.0
n10Ring,0.0
n9Ring,0.0
n8Ring,0.0
n7Ring,0.0
n6Ring,0.0
n5Ring,0.0
nF9Ring,0.0
nFG12Ring,0.0
maxssssSn,0.0
nTRing,0.0
WPOL,0.0
MW,0.0
VAdjMat,0.0
VABC,0.0
LipinskiFailures,0.0
nRotB,0.0
nTG12Ring,0.0
nT12Ring,0.0
nT11Ring,0.0
nT10Ring,0.0
nT9Ring,0.0
nT8Ring,0.0
nT7Ring,0.0
nT5Ring,0.0
nT4Ring,0.0
n4Ring,0.0
n3Ring,0.0
nRing,0.0
MLFER_A,0.0
ETA_Beta_ns_d,0.0
ETA_Beta_ns,0.0
ETA_Beta_s,0.0
ETA_dPsi_B,0.0
ETA_dPsi_A,0.0
ETA_dAlpha_B,0.0
ETA_dAlpha_A,0.0
ETA_Alpha,0.0
DELS2,0.0
MAXDP,0.0
maxssssPb,0.0
maxsssPbH,0.0
maxssPbH2,0.0
maxsPbH3,0.0
maxsI,0.0
ETA_BetaP_ns_d,0.0
ETA_Eta_R,0.0
ETA_Eta_R_L,0.0
MDEC-34,0.0
MDEN-33,0.0
MDEN-13,0.0
MDEN-12,0.0
MDEN-11,0.0
MDEO-12,0.0
MDEC-44,0.0
MDEC-14,0.0
ETA_Eta_B_RC,0.0
MLogP,0.0
nHBDon_Lipinski,0.0
nHBDon,0.0
nHBAcc3,0.0
nHBAcc2,0.0
fragC,0.0
maxHdsCH,0.0
maxHtCH,0.0
SssPH,0.0
minHCHnX,0.0
minHtCH,0.0
minHsssNHp,0.0
minHsNH3p,0.0
minHaaNH,0.0
minHssNH,0.0
minHsNH2,0.0
minHsSH,0.0
minHdNH,0.0
minHsOH,0.0
minHBint8,0.0
minHBint7,0.0
minHBint4,0.0
minwHBd,0.0
SssssPb,0.0
SsssPbH,0.0
minHdCH2,0.0
minHAvin,0.0
SsPbH3,0.0
minHmisc,0.0
minsNH2,0.0
minsNH3p,0.0
minssssC,0.0
mintsC,0.0
minddC,0.0
mindsCH,0.0
mintCH,0.0
mindCH2,0.0
minssssBm,0.0
minsssB,0.0
minssBH,0.0
minsBH2,0.0
minssssBem,0.0
minssBe,0.0
minsLi,0.0
SssPbH2,0.0
SsI,0.0
maxHsssNHp,0.0
SssssGe,0.0
SssGeH2,0.0
SsGeH3,0.0
SsCl,0.0
SSm,0.0
SssssssS,0.0
SddssS,0.0
SdssS,0.0
SaaS,0.0
SssS,0.0
SdS,0.0
SsSH,0.0
SsssssP,0.0
SddsP,0.0
SdsssP,0.0
SsssP,0.0
SsssGeH,0.0
SsAsH2,0.0
SssssSn,0.0
SssAsH,0.0
SsssSnH,0.0
SssSnH2,0.0
SsSnH3,0.0
SsBr,0.0
SddssSe,0.0
SssssssSe,0.0
SdssSe,0.0
SaaSe,0.0
SssSe,0.0
SdSe,0.0
SsSeH,0.0
SsssssAs,0.0
SddsAs,0.0
SdsssAs,0.0
SsssAs,0.0
minssNH2p,0.0
mindNH,0.0
minssNH,0.0
minsPbH3,0.0
minssssSn,0.0
minsssSnH,0.0
minssSnH2,0.0
minsSnH3,0.0
minsBr,0.0
minddssSe,0.0
minssssssSe,0.0
mindssSe,0.0
minaaSe,0.0
minssSe,0.0
mindSe,0.0
minsSeH,0.0
minsssssAs,0.0
minddsAs,0.0
mindsssAs,0.0
minsI,0.0
minssPbH2,0.0
minaaNH,0.0
minsssPbH,0.0
maxHssNH2p,0.0
maxHsNH3p,0.0
maxHaaNH,0.0
maxHssNH,0.0
maxHsNH2,0.0
maxHsSH,0.0
maxHdNH,0.0
maxHBint9,0.0
maxHBint8,0.0
maxHBint7,0.0
maxHBint6,0.0
maxHBint4,0.0
maxHBint2,0.0
maxwHBd,0.0
minssssPb,0.0
minsssAs,0.0
minssAsH,0.0
minsAsH2,0.0
minssssGe,0.0
minssssSi,0.0
minsssSiH,0.0
minssSiH2,0.0
minsSiH3,0.0
minsF,0.0
minsOm,0.0
minaOm,0.0
minaaO,0.0
minssO,0.0
minssssNp,0.0
minddsN,0.0
minaaN,0.0
mindsN,0.0
minsssNHp,0.0
mintN,0.0
minsPH2,0.0
minssPH,0.0
minsssP,0.0
minddssS,0.0
minsssGeH,0.0
minssGeH2,0.0
minsGeH3,0.0
minsCl,0.0
minSm,0.0
minssssssS,0.0
mindssS,0.0
mindsssP,0.0
minaaS,0.0
minssS,0.0
mindS,0.0
minsSH,0.0
minsssssP,0.0
minddsP,0.0
nAcid,0.0
