WPATH,100.0
ECCEN,18.30735
SaaO,14.044168
n5Ring,7.1857095
MLogP,7.1788354
nHBd,5.650891
mindsN,5.375025
nC,4.9693985
SsBr,4.9052014
nHaaNH,4.503705
minHaaNH,4.4161615
SdsN,4.1982417
ATSm3,4.164288
nF10Ring,3.5891879
MLFER_L,3.5727453
MDEC-34,3.4684203
SsCH3,3.2348356
nBondsS2,3.152208
MDEC-23,3.0995917
WTPT-3,3.0515127
nHBint9,2.8849216
MAXDN,2.587505
MLFER_E,2.5034862
ETA_dEpsilon_C,2.47321
minHBint7,2.4681535
ETA_Beta_s,2.3209648
MDEC-11,2.2008903
SdsCH,2.1976128
SCH-7,2.1850586
WTPT-4,2.152784
VP-0,2.1500163
nAtomP,2.1465573
SC-5,2.0496423
MDEO-22,2.0404036
StsC,2.0137858
ETA_BetaP_ns,1.9932035
minHBd,1.9426527
SHother,1.9117469
ETA_Eta_R,1.9036623
minHBint8,1.8946165
DELS,1.8810291
maxsCl,1.8768893
SHBint10,1.8767967
ETA_Eta_B,1.8731273
ETA_EtaP_B_RC,1.82983
ETA_Epsilon_2,1.7647985
MDEC-12,1.7529924
minHCsatu,1.7239696
ETA_Eta_B_RC,1.6910175
ATSm2,1.608329
nHBint3,1.5933869
SCH-6,1.5415088
minHBint5,1.5345615
SwHBa,1.5185375
SssCH2,1.4922237
minwHBa,1.4842383
sumI,1.4378699
minsOH,1.392411
nF11Ring,1.3912673
CrippenMR,1.3907826
Kier2,1.3805106
ETA_Shape_P,1.331861
maxHBint3,1.2654315
minHsOH,1.2272509
ETA_Alpha,1.2186059
VP-4,1.2121745
SC-6,1.210735
maxHCsatu,1.2066699
ETA_Epsilon_5,1.20592
SssNH,1.201469
MDEO-11,1.1595734
nT8Ring,1.1483645
BCUTw-1h,1.1423409
WTPT-2,1.1340688
ETA_Beta,1.1266446
MDEC-13,1.1203614
maxHdsCH,1.1179014
ATSp3,1.1119196
ATSc3,1.1078707
ETA_dEpsilon_B,1.0793557
SHBint6,1.0445249
ETA_Epsilon_1,1.0132096
minHaaCH,0.9756822
ETA_BetaP_ns_d,0.972108
C3SP2,0.96925235
SssO,0.9664217
VCH-6,0.9625815
minsCH3,0.95786697
minaaN,0.95100933
mindssC,0.9067628
SHBint8,0.9036854
maxHBint10,0.8867369
BCUTp-1l,0.8768961
MLFER_S,0.8765607
ETA_Eta_F_L,0.8737986
nBonds2,0.87349665
ATSp5,0.873018
gmin,0.87015945
SPC-5,0.8623978
ETA_BetaP,0.84275615
VP-1,0.83686644
maxHBint2,0.8315964
BCUTc-1h,0.808587
SaasC,0.80386305
SaaaC,0.8005089
SHBa,0.7920489
WTPT-5,0.77929974
maxdssC,0.7776734
SP-2,0.7740886
BCUTw-1l,0.76947266
MDEC-14,0.763766
SCH-5,0.762146
MLFER_BH,0.7614376
minHBint6,0.75817734
MW,0.7537694
ATSc1,0.7388829
MAXDP,0.73593014
SHBint7,0.7331887
minHBint4,0.7141583
VP-2,0.71393234
ATSc2,0.70618606
nBondsD,0.69831705
maxHBa,0.69772315
XLogP,0.693109
minHBa,0.6924283
ETA_EtaP_F_L,0.68227196
naaN,0.6676327
ETA_EtaP_L,0.66510236
SP-6,0.6615578
CrippenLogP,0.6495033
MDEC-22,0.64652956
minHBint10,0.6407445
ETA_EtaP_B,0.63060063
FMF,0.6259589
VP-7,0.61992145
TopoPSA,0.6194929
minHCsats,0.61764365
nHBAcc3,0.61460763
ETA_dEpsilon_D,0.613996
maxHBint7,0.61167574
maxsOH,0.6050368
nsCH3,0.60429883
minHBint3,0.59686077
maxsF,0.5968509
ATSc5,0.5950588
maxsssCH,0.5765467
MLFER_A,0.5650427
SsssN,0.56173086
ETA_Shape_Y,0.5555455
LipoaffinityIndex,0.5461016
minaaO,0.5404129
SsOH,0.54022765
Kier3,0.5369166
ETA_Beta_ns,0.5207108
ETA_Psi_1,0.5108165
SP-7,0.4942874
BCUTc-1l,0.49325925
SPC-4,0.48296145
ALogP,0.48251146
nO,0.48242933
maxssCH2,0.4792694
maxHBint4,0.47533444
MAXDN2,0.4720145
mindO,0.47155058
maxHBd,0.46991548
maxwHBa,0.43946797
nHBint10,0.43669218
ETA_AlphaP,0.43422017
nHBint4,0.43088803
ETA_Eta_F,0.4179275
SdssC,0.41779903
SHBd,0.414928
VPC-5,0.40329242
nHBAcc,0.39993817
maxHaaCH,0.39966047
PetitjeanNumber,0.39554885
maxaaaC,0.37387627
minsssCH,0.36880848
SssssC,0.36575973
SHsOH,0.3621683
ETA_BetaP_s,0.3606962
fragC,0.35664818
maxHBint5,0.35398033
ETA_Eta,0.35267574
maxaasC,0.34580195
ALogp2,0.34462938
hmax,0.33905327
nHother,0.32967946
SP-5,0.32770687
gmax,0.3271247
VC-5,0.32635882
VP-5,0.32328546
SPC-6,0.3181139
nAtom,0.31092283
SHBint5,0.30680925
bpol,0.30455008
ATSm1,0.29533064
MDEN-23,0.29021543
VABC,0.28731427
ETA_Epsilon_4,0.2866271
VCH-7,0.28589776
ETA_Eta_L,0.28340006
SaaN,0.2749832
maxaaCH,0.27114984
ATSc4,0.2672969
ETA_dBetaP,0.26626903
minHother,0.26525444
SP-0,0.2641113
nAtomLC,0.25600535
apol,0.25293466
SHBint3,0.25154805
McGowan_Volume,0.24161534
Kier1,0.23831145
mindsCH,0.23294045
VPC-6,0.21451277
VPC-4,0.20839009
C2SP2,0.2045523
maxHCsats,0.19679661
ETA_dEpsilon_A,0.19213784
maxHBint6,0.19102588
minssO,0.1882541
SP-4,0.186169
minssCH2,0.18559627
maxssO,0.18444085
maxHsOH,0.18299867
VP-3,0.18011358
maxHother,0.17796811
nRotB,0.17563821
minHBint9,0.17214653
SHaaCH,0.17157881
ATSm5,0.1697032
BCUTp-1h,0.16716589
maxsCH3,0.1668685
VP-6,0.16360447
C2SP3,0.1569544
WTPT-1,0.15405811
VCH-5,0.15404433
nwHBa,0.14806683
DELS2,0.14434822
SHCsats,0.14414456
SHBint9,0.1441057
MDEC-33,0.1404059
VC-3,0.14004757
SHCsatu,0.13765223
AMR,0.13057406
SC-3,0.13009152
nBondsM,0.12745248
hmin,0.12636456
nAtomLAC,0.12500618
ETA_Epsilon_3,0.11949942
MDEO-12,0.11825594
ATSp4,0.117947966
ATSp2,0.11340202
MAXDP2,0.111597076
MLFER_BO,0.106183104
ATSm4,0.086770244
SaaCH,0.08644822
SP-3,0.08513623
nHBint6,0.07518321
ETA_EtaP_F,0.07266211
minaasC,0.07174726
SP-1,0.064834975
minaaaC,0.05900811
SHBint4,0.052270737
minaaCH,0.047659088
nF9Ring,0.04482665
C1SP2,0.043884963
C3SP3,0.04234487
maxsssN,0.038166456
nAromBond,0.0363
nBondsD2,0.034193233
naasC,0.032321487
ATSp1,0.016689507
SdO,0.015563237
ndssC,0.013232512
nssssSn,0.0
nsssssAs,0.0
nsI,0.0
nsssSnH,0.0
nssSnH2,0.0
nsSnH3,0.0
nsPbH3,0.0
nsSeH,0.0
ndsssAs,0.0
nsBr,0.0
ndSe,0.0
nddssSe,0.0
ndssSe,0.0
nddsAs,0.0
naaSe,0.0
nssSe,0.0
nssssssSe,0.0
SsLi,0.0
nssPbH2,0.0
nsssPbH,0.0
SssNH2p,0.0
SHmisc,0.0
SsNH2,0.0
SssBe,0.0
SssssBem,0.0
SsNH3p,0.0
SsBH2,0.0
SssBH,0.0
SsssB,0.0
nssAsH,0.0
SssssBm,0.0
SdCH2,0.0
StCH,0.0
SsssCH,0.0
SddC,0.0
SHAvin,0.0
SHCHnX,0.0
SHdsCH,0.0
SdNH,0.0
nssssPb,0.0
SwHBd,0.0
SHBint2,0.0
SaaNH,0.0
SHdNH,0.0
SHsSH,0.0
SHsNH2,0.0
SHdCH2,0.0
SHssNH,0.0
SHaaNH,0.0
SHsNH3p,0.0
SHssNH2p,0.0
SHsssNHp,0.0
SHtCH,0.0
nsssAs,0.0
Zagreb,0.0
nsAsH2,0.0
VC-4,0.0
nwHBd,0.0
nHBa,0.0
nHBint2,0.0
nHBint5,0.0
nHBint7,0.0
nHBint8,0.0
StN,0.0
nHdNH,0.0
nHsSH,0.0
nHsNH2,0.0
nHssNH,0.0
nHsNH3p,0.0
nHssNH2p,0.0
nHsssNHp,0.0
nHtCH,0.0
nHdCH2,0.0
nHdsCH,0.0
nHaaCH,0.0
nHCHnX,0.0
nHCsats,0.0
nHCsatu,0.0
nHAvin,0.0
nHmisc,0.0
nsLi,0.0
nssBe,0.0
VC-6,0.0
SC-4,0.0
nssssGe,0.0
VCH-4,0.0
naAromAtom,0.0
nHeavyAtom,0.0
nH,0.0
nB,0.0
nN,0.0
nS,0.0
nP,0.0
nF,0.0
nCl,0.0
nBr,0.0
nI,0.0
nX,0.0
nBase,0.0
nBonds,0.0
nBondsS,0.0
nBondsS3,0.0
nBondsT,0.0
nBondsQ,0.0
C1SP1,0.0
C2SP1,0.0
C1SP3,0.0
C4SP3,0.0
SCH-3,0.0
SCH-4,0.0
VCH-3,0.0
nssssBem,0.0
nsBH2,0.0
nssBH,0.0
nsssB,0.0
naOm,0.0
nsOm,0.0
nsF,0.0
nsSiH3,0.0
nssSiH2,0.0
nsssSiH,0.0
nssssSi,0.0
nsPH2,0.0
nssPH,0.0
nsssP,0.0
ndsssP,0.0
nddsP,0.0
nsssssP,0.0
nsSH,0.0
ndS,0.0
nssS,0.0
naaS,0.0
ndssS,0.0
nddssS,0.0
nssssssS,0.0
nSm,0.0
nsCl,0.0
nsGeH3,0.0
nssGeH2,0.0
nsssGeH,0.0
naaO,0.0
nssO,0.0
ndO,0.0
nsNH3p,0.0
nssssBm,0.0
ndCH2,0.0
nssCH2,0.0
ntCH,0.0
ndsCH,0.0
naaCH,0.0
nsssCH,0.0
nddC,0.0
ntsC,0.0
naaaC,0.0
nssssC,0.0
nsNH2,0.0
nsOH,0.0
nssNH2p,0.0
ndNH,0.0
nssNH,0.0
naaNH,0.0
ntN,0.0
nsssNHp,0.0
ndsN,0.0
nsssN,0.0
nddsN,0.0
naasN,0.0
nssssNp,0.0
nHsOH,0.0
minHssNH2p,0.0
SsssNHp,0.0
maxsssSiH,0.0
maxddsP,0.0
maxdsssP,0.0
maxsssP,0.0
maxssPH,0.0
maxsPH2,0.0
maxssssSi,0.0
maxssSiH2,0.0
maxsSH,0.0
maxsSiH3,0.0
maxsOm,0.0
maxaOm,0.0
maxaaO,0.0
maxdO,0.0
maxssssNp,0.0
maxsssssP,0.0
maxdS,0.0
maxddsN,0.0
maxsssGeH,0.0
maxddsAs,0.0
maxdsssAs,0.0
maxsssAs,0.0
maxssAsH,0.0
maxsAsH2,0.0
maxssssGe,0.0
maxssGeH2,0.0
maxssS,0.0
maxsGeH3,0.0
maxSm,0.0
maxssssssS,0.0
maxddssS,0.0
maxdssS,0.0
maxaaS,0.0
maxaasN,0.0
maxaaN,0.0
SddsN,0.0
maxHdCH2,0.0
maxssssBem,0.0
maxssBe,0.0
maxsLi,0.0
maxHmisc,0.0
maxHAvin,0.0
maxHCHnX,0.0
maxHtCH,0.0
maxssBH,0.0
maxHsssNHp,0.0
maxHssNH2p,0.0
maxHsNH3p,0.0
maxHaaNH,0.0
maxHssNH,0.0
maxHsNH2,0.0
maxsBH2,0.0
maxsssB,0.0
maxdsN,0.0
maxsNH2,0.0
maxsssNHp,0.0
maxtN,0.0
maxaaNH,0.0
maxssNH,0.0
maxdNH,0.0
maxssNH2p,0.0
maxsNH3p,0.0
maxssssBm,0.0
maxssssC,0.0
maxtsC,0.0
maxddC,0.0
maxdsCH,0.0
maxtCH,0.0
maxdCH2,0.0
maxsssssAs,0.0
maxsSeH,0.0
maxdSe,0.0
n10Ring,0.0
nF5Ring,0.0
nF4Ring,0.0
nFRing,0.0
nG12Ring,0.0
n12Ring,0.0
n11Ring,0.0
n9Ring,0.0
nF7Ring,0.0
n8Ring,0.0
n7Ring,0.0
n6Ring,0.0
n4Ring,0.0
n3Ring,0.0
nRing,0.0
nF6Ring,0.0
nF8Ring,0.0
maxssSe,0.0
nT10Ring,0.0
WPOL,0.0
VAdjMat,0.0
LipinskiFailures,0.0
nTG12Ring,0.0
nT12Ring,0.0
nT11Ring,0.0
nT9Ring,0.0
nF12Ring,0.0
nT7Ring,0.0
nT6Ring,0.0
nT5Ring,0.0
nT4Ring,0.0
nTRing,0.0
nFG12Ring,0.0
MDEN-33,0.0
MDEN-22,0.0
MDEN-13,0.0
maxsssSnH,0.0
maxssssPb,0.0
maxsssPbH,0.0
maxssPbH2,0.0
maxsPbH3,0.0
maxsI,0.0
maxssssSn,0.0
maxssSnH2,0.0
MDEN-12,0.0
maxsSnH3,0.0
maxsBr,0.0
maxddssSe,0.0
maxssssssSe,0.0
maxdssSe,0.0
maxaaSe,0.0
ETA_dAlpha_A,0.0
ETA_dAlpha_B,0.0
ETA_dPsi_A,0.0
ETA_dPsi_B,0.0
ETA_Shape_X,0.0
ETA_dBeta,0.0
ETA_Beta_ns_d,0.0
ETA_EtaP,0.0
ETA_Eta_R_L,0.0
nHBAcc2,0.0
nHBAcc_Lipinski,0.0
nHBDon,0.0
nHBDon_Lipinski,0.0
HybRatio,0.0
MDEC-24,0.0
MDEC-44,0.0
MDEN-11,0.0
maxHsSH,0.0
maxHdNH,0.0
maxHBint9,0.0
SssSnH2,0.0
SsssPbH,0.0
SssPbH2,0.0
SsPbH3,0.0
SsI,0.0
SssssSn,0.0
SsssSnH,0.0
SsSnH3,0.0
minwHBd,0.0
SddssSe,0.0
SssssssSe,0.0
SdssSe,0.0
SaaSe,0.0
SssSe,0.0
SdSe,0.0
SssssPb,0.0
minHBint2,0.0
minssBH,0.0
minHdsCH,0.0
minssssBem,0.0
minssBe,0.0
minsLi,0.0
minHmisc,0.0
minHAvin,0.0
minHCHnX,0.0
minHdCH2,0.0
minHdNH,0.0
minHtCH,0.0
minHsssNHp,0.0
minHsNH3p,0.0
minHssNH,0.0
minHsNH2,0.0
minHsSH,0.0
SsSeH,0.0
SsssssAs,0.0
SddsAs,0.0
SsssSiH,0.0
SddsP,0.0
SdsssP,0.0
SsssP,0.0
SssPH,0.0
SsPH2,0.0
SssssSi,0.0
SssSiH2,0.0
SdsssAs,0.0
SsSiH3,0.0
SsF,0.0
SsOm,0.0
SaOm,0.0
SssssNp,0.0
SaasN,0.0
SsssssP,0.0
SsSH,0.0
SdS,0.0
SssS,0.0
SaaS,0.0
SdssS,0.0
SddssS,0.0
SssssssS,0.0
SSm,0.0
SsCl,0.0
SsGeH3,0.0
SssGeH2,0.0
SsssGeH,0.0
SssssGe,0.0
SsAsH2,0.0
SssAsH,0.0
SsssAs,0.0
minsBH2,0.0
minsssB,0.0
maxHBint8,0.0
minssssGe,0.0
minsssssAs,0.0
minddsAs,0.0
mindsssAs,0.0
minsssAs,0.0
minssAsH,0.0
minsAsH2,0.0
minsssGeH,0.0
mindSe,0.0
minssGeH2,0.0
minsGeH3,0.0
minsCl,0.0
minSm,0.0
minssssssS,0.0
minddssS,0.0
minsSeH,0.0
minssSe,0.0
minssssBm,0.0
minssssSn,0.0
maxwHBd,0.0
minssssPb,0.0
minsssPbH,0.0
minssPbH2,0.0
minsPbH3,0.0
minsI,0.0
minsssSnH,0.0
minaaSe,0.0
minssSnH2,0.0
minsSnH3,0.0
minsBr,0.0
minddssSe,0.0
minssssssSe,0.0
mindssSe,0.0
mindssS,0.0
minaaS,0.0
minssS,0.0
minssNH2p,0.0
minsssN,0.0
minsssNHp,0.0
mintN,0.0
minaaNH,0.0
minssNH,0.0
mindNH,0.0
minsNH2,0.0
mindS,0.0
minsNH3p,0.0
minssssC,0.0
mintsC,0.0
minddC,0.0
mintCH,0.0
mindCH2,0.0
minddsN,0.0
minaasN,0.0
minssssNp,0.0
minaOm,0.0
minsOm,0.0
minsF,0.0
minsSiH3,0.0
minssSiH2,0.0
minsssSiH,0.0
minssssSi,0.0
minsPH2,0.0
minssPH,0.0
minsssP,0.0
mindsssP,0.0
minddsP,0.0
minsssssP,0.0
minsSH,0.0
nAcid,0.0
