VP-0,100.0
ECCEN,31.21961
McGowan_Volume,20.057041
Kier2,7.4258423
maxHsOH,6.36584
SddssS,4.874915
MDEC-34,3.699924
SsssN,2.49837
ETA_Eta_L,2.3871086
MDEO-11,2.336148
minsssN,2.2233841
bpol,2.1734982
maxsF,1.8952202
SdsN,1.6464617
maxHBint6,1.5888705
minaaS,1.5266749
nHBint2,1.5261406
nH,1.4774214
nN,1.4179344
mindsCH,1.3635054
nBondsS3,1.3607639
C2SP2,1.3581045
C1SP3,1.2586292
WPATH,1.1250175
SHBint8,1.1182175
MDEO-12,1.0996028
n5Ring,1.0618907
CrippenMR,1.0390642
nsCH3,0.9875997
minHBint8,0.9625501
FMF,0.93609905
MDEN-23,0.9353628
ETA_Epsilon_3,0.8914406
SC-3,0.88895774
nBondsS,0.84043574
VP-1,0.8366275
DELS2,0.8121442
SPC-6,0.80752575
SsOH,0.77061933
maxHdsCH,0.7620635
nHssNH,0.7601471
naaO,0.7499672
nHBint7,0.71413875
MLFER_A,0.703053
ETA_Shape_X,0.6951738
nHaaCH,0.6909712
SC-5,0.6808534
MLFER_BH,0.66556454
ndssC,0.65223914
ATSm1,0.6486928
ETA_EtaP_F,0.6477025
maxHCsats,0.63896084
SdsCH,0.61908734
ETA_Eta_B_RC,0.6169427
minsssCH,0.6129218
C3SP2,0.6129189
BCUTc-1l,0.57193804
SaaO,0.5711494
SHssNH,0.5687758
maxsssCH,0.56600386
minHBd,0.56232864
SP-0,0.5526639
SP-3,0.5513021
nssO,0.5418091
SdO,0.5402484
TopoPSA,0.5213602
ETA_Shape_Y,0.5184413
ETA_Eta,0.5112528
maxHBint3,0.50236833
MLFER_E,0.48881695
minaasC,0.48694047
hmin,0.47329935
ETA_EtaP,0.47216094
SssNH,0.47122148
minHsOH,0.45952052
BCUTc-1h,0.4581871
MDEC-13,0.44834778
maxHBint7,0.44769382
SHsOH,0.4413276
nHBint5,0.4395484
SHother,0.4284151
SCH-5,0.4278685
nssCH2,0.4231213
nHother,0.40604082
nHeavyAtom,0.40403578
ATSc3,0.3998052
Kier3,0.39543924
minHBint10,0.39437047
maxHBa,0.39251736
ETA_Epsilon_5,0.39251316
VP-2,0.38449088
SHBint7,0.3802372
MDEN-22,0.3751356
ATSc4,0.3734224
minssCH2,0.3718345
minsOH,0.37174922
ATSp4,0.36915812
maxaaCH,0.36597097
VCH-7,0.35466534
SHBint2,0.34825942
maxaasC,0.3436841
ETA_Eta_B,0.34322447
SssssC,0.34272593
ETA_Epsilon_1,0.33404502
ETA_dBetaP,0.3298263
SP-7,0.3294289
SCH-7,0.32936674
ATSm3,0.32857278
mindO,0.32548234
minHaaCH,0.3111289
ETA_Eta_F,0.3038402
SaasC,0.30081642
ETA_BetaP,0.29855832
BCUTw-1l,0.2856259
maxHother,0.28512463
WTPT-4,0.28117323
maxssCH2,0.27984396
maxHAvin,0.27698913
BCUTp-1h,0.27337706
nO,0.27088287
VC-3,0.2649633
minHBint3,0.26344344
MDEC-23,0.26309666
MAXDN2,0.26234353
maxsCH3,0.26067263
gmin,0.26033485
MDEC-33,0.25485283
ATSp5,0.25464013
maxwHBa,0.25421068
WTPT-2,0.25153133
minHdsCH,0.2504223
ATSp1,0.24946819
SssCH2,0.24551125
C3SP3,0.24083005
minHBint6,0.23977049
SHCsats,0.23468141
SHBd,0.23250592
ETA_Eta_F_L,0.23170291
ETA_EtaP_B,0.22545464
MAXDN,0.22262284
ALogP,0.22213885
MDEC-12,0.21967006
CrippenLogP,0.21791048
maxHBint2,0.21786693
ATSc1,0.21710457
SHBint10,0.2114149
VPC-4,0.21135831
SPC-4,0.21075027
ATSc5,0.20913729
SPC-5,0.2078625
ETA_Shape_P,0.20482545
ATSc2,0.20347892
minsF,0.1982529
nT6Ring,0.19730113
apol,0.1897823
VCH-5,0.18960518
SwHBa,0.1879675
LipoaffinityIndex,0.1862197
SaaN,0.1860893
ATSm5,0.18304531
nHCsatu,0.18226327
maxHBint8,0.17791833
nHCsats,0.17740294
MAXDP,0.17721927
ETA_EtaP_B_RC,0.17559215
HybRatio,0.17364334
maxHBint10,0.17229462
ETA_BetaP_s,0.17162536
PetitjeanNumber,0.1711428
maxHaaCH,0.1705128
VABC,0.17005192
minHBa,0.1682002
ETA_BetaP_ns_d,0.16424243
AMR,0.16015513
VCH-6,0.15751125
nAtom,0.15644436
minHother,0.15520579
nAtomLC,0.1547027
minHBint5,0.15375112
minsCH3,0.15193525
WPOL,0.14810836
VPC-6,0.1463917
ETA_dEpsilon_C,0.14478083
SaaNH,0.14364658
ETA_BetaP_ns,0.13658598
maxHssNH,0.13363186
SP-2,0.13074104
VC-5,0.13032535
SHBint6,0.12955256
XLogP,0.12883264
MLFER_S,0.1284266
ETA_Epsilon_2,0.12637407
minHssNH,0.12551415
maxHBint5,0.12473054
SHdsCH,0.1223118
ETA_AlphaP,0.117130496
VP-4,0.11624191
ETA_EtaP_F_L,0.11597981
VP-5,0.1149258
SCH-6,0.1133763
C1SP2,0.11234772
WTPT-5,0.106639296
ETA_dEpsilon_D,0.10538647
hmax,0.10460019
ATSp2,0.1028712
maxsOH,0.10278685
ETA_dBeta,0.102350116
nHBint6,0.10052845
minsCl,0.09594175
MLFER_BO,0.09484562
MDEC-22,0.0923809
maxdssC,0.0918472
maxaaN,0.09177364
C2SP3,0.086804494
VC-4,0.08586542
minHBint4,0.08516253
maxdsCH,0.08494543
ATSm4,0.080952935
maxHBd,0.08068191
SsssCH,0.07989472
minaaCH,0.07898159
ETA_dEpsilon_A,0.07319548
VP-3,0.06887492
ETA_dEpsilon_B,0.068835765
ALogp2,0.06623099
maxssNH,0.06576074
DELS,0.06255844
minHCsats,0.06179115
nRotB,0.061503507
SaaCH,0.058141973
BCUTp-1l,0.05803464
sumI,0.057206668
WTPT-3,0.0527845
SHaaCH,0.052387606
maxssO,0.051477667
SHBint9,0.050958607
nAtomP,0.049536616
SsCH3,0.048796136
ETA_Psi_1,0.048391405
MDEC-24,0.046659388
SP-4,0.045913298
MAXDP2,0.045789104
minaaN,0.044482388
minssO,0.044458844
WTPT-1,0.043843906
ETA_Beta_ns,0.043551173
VP-6,0.04353474
maxdO,0.043381914
MDEC-14,0.039425492
maxHBint9,0.0388171
nHBAcc_Lipinski,0.038367778
mindssC,0.034353916
nF10Ring,0.033513356
ETA_EtaP_L,0.032111373
SHBint4,0.03046526
minwHBa,0.029159864
VP-7,0.02803995
SHCsatu,0.027888577
maxHBint4,0.027306331
MLFER_L,0.02618237
BCUTw-1h,0.026015958
ETA_Beta_s,0.023588141
SHBint3,0.022117766
minssNH,0.022090908
nsssCH,0.022020638
MW,0.02201961
MLogP,0.021594042
maxaaaC,0.02137349
nBondsD2,0.020888446
nAtomLAC,0.020787776
VPC-5,0.019642482
SssO,0.019072458
ATSp3,0.018950706
ETA_Epsilon_4,0.017992273
SP-6,0.0142801525
SdssC,0.014032112
minHBint7,0.012768098
MDEC-11,0.011955113
nHBint8,0.011763777
nHBAcc3,0.010892933
maxHCsatu,0.010152369
nHsOH,0.008779446
SC-4,0.008695616
minHCsatu,0.003335781
nssSnH2,0.0
nsSnH3,0.0
StsC,0.0
nsBr,0.0
SddC,0.0
nS,0.0
nddssSe,0.0
nsssSnH,0.0
nssssssSe,0.0
SaaaC,0.0
ndssSe,0.0
naaSe,0.0
SsNH3p,0.0
nssSe,0.0
ndSe,0.0
nsSeH,0.0
nsssssAs,0.0
nddsAs,0.0
ndsssAs,0.0
SsNH2,0.0
nsssAs,0.0
nP,0.0
nssAsH,0.0
nssssSn,0.0
SHsSH,0.0
nsI,0.0
nsPbH3,0.0
SHdNH,0.0
SHaaNH,0.0
SHsNH3p,0.0
SHssNH2p,0.0
SHsssNHp,0.0
naAromAtom,0.0
nAromBond,0.0
SHtCH,0.0
SHBint5,0.0
SHdCH2,0.0
SHCHnX,0.0
SHAvin,0.0
SsLi,0.0
SHBa,0.0
SwHBd,0.0
SssBe,0.0
SssssBem,0.0
SsBH2,0.0
nssssPb,0.0
SssBH,0.0
SsssB,0.0
SssssBm,0.0
SdCH2,0.0
nB,0.0
StCH,0.0
nsssPbH,0.0
nC,0.0
SHsNH2,0.0
nssPbH2,0.0
SHmisc,0.0
nssssC,0.0
nF,0.0
nHBint10,0.0
SssNH2p,0.0
nHsSH,0.0
nHsNH2,0.0
nHaaNH,0.0
nHsNH3p,0.0
nHssNH2p,0.0
nHsssNHp,0.0
nHtCH,0.0
nHdCH2,0.0
nBase,0.0
nHdsCH,0.0
nHCHnX,0.0
nHAvin,0.0
nHmisc,0.0
nsLi,0.0
nssBe,0.0
nssssBem,0.0
nsBH2,0.0
nssBH,0.0
nsssB,0.0
nssssBm,0.0
ndCH2,0.0
ntCH,0.0
nHdNH,0.0
nHBint9,0.0
nsAsH2,0.0
nHBint4,0.0
nBondsT,0.0
nBondsQ,0.0
nBondsM,0.0
C1SP1,0.0
nBondsD,0.0
C2SP1,0.0
nBondsS2,0.0
C4SP3,0.0
SCH-3,0.0
SCH-4,0.0
VCH-3,0.0
VCH-4,0.0
nBonds2,0.0
SC-6,0.0
VC-6,0.0
nBonds,0.0
SP-1,0.0
SP-5,0.0
nHBd,0.0
nwHBd,0.0
nHBa,0.0
nwHBa,0.0
nHBint3,0.0
ndsCH,0.0
naaCH,0.0
nddC,0.0
ntsC,0.0
nsPH2,0.0
nssPH,0.0
nsssP,0.0
ndsssP,0.0
nddsP,0.0
nX,0.0
nI,0.0
nsssssP,0.0
nsSH,0.0
ndS,0.0
nBr,0.0
nssS,0.0
naaS,0.0
ndssS,0.0
nddssS,0.0
nssssssS,0.0
nSm,0.0
nsCl,0.0
nsGeH3,0.0
nssGeH2,0.0
nsssGeH,0.0
nCl,0.0
nssssGe,0.0
nssssSi,0.0
nsssSiH,0.0
nssSiH2,0.0
nsssNHp,0.0
ATSm2,0.0
naasC,0.0
naaaC,0.0
nsNH3p,0.0
nsNH2,0.0
nssNH2p,0.0
ndNH,0.0
nssNH,0.0
naaNH,0.0
ntN,0.0
ndsN,0.0
nsSiH3,0.0
naaN,0.0
nsssN,0.0
nddsN,0.0
naasN,0.0
nssssNp,0.0
nsOH,0.0
ndO,0.0
naOm,0.0
nsOm,0.0
nsF,0.0
Zagreb,0.0
minHssNH2p,0.0
SdNH,0.0
maxsssP,0.0
maxssS,0.0
maxdS,0.0
maxsSH,0.0
maxsssssP,0.0
maxddsP,0.0
maxdsssP,0.0
maxssPH,0.0
maxdssS,0.0
maxsPH2,0.0
maxssssSi,0.0
maxsssSiH,0.0
maxssSiH2,0.0
maxsSiH3,0.0
maxsOm,0.0
maxaaS,0.0
maxddssS,0.0
StN,0.0
maxssAsH,0.0
maxdSe,0.0
maxsSeH,0.0
maxsssssAs,0.0
maxddsAs,0.0
maxdsssAs,0.0
maxsssAs,0.0
maxsAsH2,0.0
maxssssssS,0.0
maxssssGe,0.0
maxsssGeH,0.0
maxssGeH2,0.0
maxsGeH3,0.0
maxsCl,0.0
maxSm,0.0
maxaOm,0.0
maxaaO,0.0
maxssssNp,0.0
maxHCHnX,0.0
maxssBH,0.0
maxsBH2,0.0
maxssssBem,0.0
maxssBe,0.0
maxsLi,0.0
maxHmisc,0.0
maxHdCH2,0.0
maxaasN,0.0
maxHtCH,0.0
maxHsssNHp,0.0
maxHssNH2p,0.0
maxHsNH3p,0.0
maxHaaNH,0.0
maxHsNH2,0.0
maxsssB,0.0
maxssssBm,0.0
maxdCH2,0.0
maxtCH,0.0
maxddC,0.0
maxtsC,0.0
maxssssC,0.0
maxsNH3p,0.0
maxsNH2,0.0
maxssNH2p,0.0
maxdNH,0.0
maxaaNH,0.0
maxtN,0.0
maxsssNHp,0.0
maxdsN,0.0
maxsssN,0.0
maxddsN,0.0
maxssSe,0.0
maxaaSe,0.0
maxdssSe,0.0
n12Ring,0.0
nF7Ring,0.0
nF6Ring,0.0
nF5Ring,0.0
nF4Ring,0.0
nFRing,0.0
nG12Ring,0.0
n11Ring,0.0
nRing,0.0
n10Ring,0.0
n9Ring,0.0
n8Ring,0.0
n7Ring,0.0
n6Ring,0.0
n4Ring,0.0
nF8Ring,0.0
nF9Ring,0.0
nF11Ring,0.0
nF12Ring,0.0
nFG12Ring,0.0
nTRing,0.0
nT4Ring,0.0
nT5Ring,0.0
nT7Ring,0.0
nT8Ring,0.0
nT9Ring,0.0
nT10Ring,0.0
nT11Ring,0.0
nT12Ring,0.0
nTG12Ring,0.0
LipinskiFailures,0.0
VAdjMat,0.0
n3Ring,0.0
MDEN-33,0.0
maxssssssSe,0.0
maxsPbH3,0.0
ETA_dAlpha_A,0.0
ETA_Alpha,0.0
gmax,0.0
maxssssPb,0.0
maxsssPbH,0.0
maxssPbH2,0.0
maxsI,0.0
MDEN-13,0.0
maxssssSn,0.0
maxsssSnH,0.0
maxssSnH2,0.0
maxsSnH3,0.0
maxsBr,0.0
maxddssSe,0.0
ETA_dAlpha_B,0.0
ETA_dPsi_A,0.0
ETA_dPsi_B,0.0
ETA_Beta,0.0
ETA_Beta_ns_d,0.0
ETA_Eta_R,0.0
ETA_Eta_R_L,0.0
fragC,0.0
nHBAcc,0.0
nHBAcc2,0.0
nHBDon,0.0
nHBDon_Lipinski,0.0
Kier1,0.0
MDEC-44,0.0
MDEO-22,0.0
MDEN-11,0.0
MDEN-12,0.0
maxHsSH,0.0
maxHdNH,0.0
maxwHBd,0.0
SsBr,0.0
SsPbH3,0.0
SsI,0.0
SssssSn,0.0
SsssSnH,0.0
SssSnH2,0.0
SsSnH3,0.0
SddssSe,0.0
SddsAs,0.0
SssssssSe,0.0
SdssSe,0.0
SaaSe,0.0
SssSe,0.0
SdSe,0.0
SsSeH,0.0
SssPbH2,0.0
SsssPbH,0.0
SssssPb,0.0
minwHBd,0.0
minHBint2,0.0
minHBint9,0.0
minHdNH,0.0
minHsSH,0.0
minHsNH2,0.0
minHaaNH,0.0
minHsNH3p,0.0
minHsssNHp,0.0
minHtCH,0.0
minHdCH2,0.0
minHCHnX,0.0
minHAvin,0.0
minHmisc,0.0
SsssssAs,0.0
SdsssAs,0.0
minssBe,0.0
SsSiH3,0.0
SsssP,0.0
SssPH,0.0
SsPH2,0.0
SssssSi,0.0
SsssSiH,0.0
SssSiH2,0.0
SsF,0.0
SsssAs,0.0
SsOm,0.0
SaOm,0.0
SssssNp,0.0
SaasN,0.0
SddsN,0.0
SsssNHp,0.0
SdsssP,0.0
SddsP,0.0
SsssssP,0.0
SsSH,0.0
SdS,0.0
SssS,0.0
SaaS,0.0
SdssS,0.0
SssssssS,0.0
SSm,0.0
SsCl,0.0
SsGeH3,0.0
SssGeH2,0.0
SsssGeH,0.0
SssssGe,0.0
SsAsH2,0.0
SssAsH,0.0
minsLi,0.0
minssssBem,0.0
minssssPb,0.0
minsssGeH,0.0
minddsAs,0.0
mindsssAs,0.0
minsssAs,0.0
minssAsH,0.0
minsAsH2,0.0
minssssGe,0.0
minssGeH2,0.0
minsSH,0.0
minsGeH3,0.0
minSm,0.0
minssssssS,0.0
minddssS,0.0
mindssS,0.0
minssS,0.0
minsssssAs,0.0
minsSeH,0.0
mindSe,0.0
minssSe,0.0
minaaSe,0.0
mindssSe,0.0
minssssssSe,0.0
minddssSe,0.0
minsBr,0.0
minsSnH3,0.0
minssSnH2,0.0
minsssSnH,0.0
minssssSn,0.0
minsI,0.0
minsPbH3,0.0
minssPbH2,0.0
minsssPbH,0.0
mindS,0.0
minsssssP,0.0
minsBH2,0.0
minaaaC,0.0
minaaNH,0.0
mindNH,0.0
minssNH2p,0.0
minsNH2,0.0
minsNH3p,0.0
minssssC,0.0
mintsC,0.0
minddsP,0.0
minddC,0.0
mintCH,0.0
mindCH2,0.0
minssssBm,0.0
minsssB,0.0
minssBH,0.0
mintN,0.0
minsssNHp,0.0
mindsN,0.0
minddsN,0.0
minaasN,0.0
minssssNp,0.0
minaaO,0.0
minaOm,0.0
minsOm,0.0
minsSiH3,0.0
minssSiH2,0.0
minsssSiH,0.0
minssssSi,0.0
minsPH2,0.0
minssPH,0.0
minsssP,0.0
mindsssP,0.0
nAcid,0.0
