SP-4,100.0
SP-1,13.864162
VP-7,12.582545
VP-2,11.168603
ETA_dEpsilon_D,9.262338
ETA_Eta_L,8.988481
SssssC,7.684082
HybRatio,7.2715297
C3SP2,6.5219707
ETA_Eta_R,6.268882
ETA_dBeta,5.637474
VABC,5.55742
ATSm2,5.1691537
VC-6,5.1019096
SdsN,5.0360847
SP-6,5.017795
VC-4,4.886458
apol,4.8638577
ETA_dEpsilon_A,4.6526213
ECCEN,4.4701805
maxHBint8,4.4370503
ETA_BetaP_ns,4.150513
VCH-6,3.53796
mintN,3.4811583
WTPT-2,3.3864067
nHBAcc,3.374648
nHBAcc_Lipinski,3.2672188
AMR,3.2565918
nHBint7,3.246702
SHBd,3.2066815
SHBint7,3.1987646
SsOH,3.060067
SaaN,3.0204084
ETA_Epsilon_4,3.0183737
ATSc1,2.8226728
FMF,2.804441
maxHBd,2.764861
ATSc2,2.761497
ATSp1,2.7102895
MLFER_E,2.613284
ETA_Psi_1,2.5780287
CrippenMR,2.4531484
WTPT-3,2.4473455
ETA_Epsilon_1,2.389524
SP-7,2.3329053
ETA_Eta,2.1381707
C2SP2,2.115281
ETA_dBetaP,2.0828257
minHBa,2.0676124
maxdssC,2.0618362
MDEC-23,1.995106
SdO,1.9580506
SC-5,1.8934554
maxsOH,1.8606795
SaaaC,1.7983565
VCH-7,1.7888108
MLFER_A,1.7714149
ATSp5,1.748425
SaasN,1.6909206
minHBd,1.6269416
MLFER_BO,1.6113735
MDEC-13,1.589237
SsCl,1.5400901
C1SP3,1.5133435
ETA_BetaP_s,1.496293
maxaaN,1.4828867
maxsCl,1.4599404
DELS,1.4453889
MDEC-33,1.4424324
SPC-6,1.410559
MDEO-12,1.3966966
ETA_Shape_Y,1.3424749
ATSm5,1.3224272
SHBint6,1.3142605
SdssC,1.2952241
ETA_EtaP_F,1.2766618
minHCsats,1.2755766
ETA_AlphaP,1.2492944
SCH-5,1.237956
ATSp4,1.2302673
ETA_Epsilon_5,1.2172127
maxHBint7,1.2129753
ETA_Alpha,1.1879549
SssO,1.1502744
minHBint7,1.1387503
VP-1,1.130509
MDEC-22,1.1269828
mindsCH,1.1187621
nFRing,1.1120073
naaN,1.0702312
minHsOH,1.063715
VP-3,1.0624313
Kier1,1.053055
minssCH2,1.0503685
SHaaCH,0.9899826
ETA_Beta,0.9839985
MDEC-11,0.96801585
ETA_EtaP_B_RC,0.96475166
nBondsS2,0.9402545
nssCH2,0.9300069
C1SP2,0.9160474
ETA_Eta_F_L,0.9127801
MDEN-23,0.91229033
ETA_Shape_X,0.8912888
SPC-5,0.8731249
MDEC-34,0.87241083
nsCH3,0.8672719
hmax,0.8583673
SHCsats,0.83899295
BCUTp-1h,0.8349962
ETA_Eta_B_RC,0.8230127
ATSp3,0.8220586
DELS2,0.8202637
StN,0.8010446
minaaN,0.79993767
SssCH2,0.78712136
maxHssNH,0.76586294
TopoPSA,0.7648015
maxHCsats,0.7608087
hmin,0.74976397
gmin,0.74010783
maxwHBa,0.73076284
BCUTc-1l,0.7226282
MDEC-12,0.71328515
minsOH,0.7082085
minHBint6,0.7011784
MLFER_BH,0.70033866
ETA_Shape_P,0.6837032
minHBint2,0.66179556
mindO,0.6411613
bpol,0.6386173
ATSc5,0.6378503
SPC-4,0.619859
ATSc3,0.615983
mindssC,0.605956
WTPT-4,0.582345
maxHsOH,0.5605366
SCH-6,0.54876155
ETA_Eta_B,0.5351104
minsCl,0.5312382
maxssO,0.5300283
SsCH3,0.48163515
SwHBa,0.47266
minHBint4,0.46970755
VC-3,0.4674009
SCH-7,0.46693227
minHother,0.44960287
nBondsS,0.44342595
BCUTp-1l,0.4375279
MLFER_L,0.428884
SC-3,0.41334215
Kier2,0.40686703
minsssCH,0.40631747
SP-5,0.39545247
ATSm3,0.39451188
Kier3,0.39329296
n5Ring,0.37806663
nF9Ring,0.3766426
minaasC,0.37178233
maxdsCH,0.36106303
maxaaCH,0.35280943
maxHBint5,0.34879404
minaaCH,0.3320656
ALogP,0.33115828
SC-4,0.3309078
ETA_Beta_s,0.3155007
BCUTw-1h,0.31492323
MW,0.3051131
MDEO-11,0.30157053
maxHBint6,0.2943148
SHBint4,0.29396206
nBonds2,0.28441906
SP-3,0.27541077
SaasC,0.27401417
maxaasC,0.2638303
ATSc4,0.26209575
nHaaCH,0.2589934
SddssS,0.2513
ETA_Beta_ns,0.24090971
ETA_BetaP,0.24054903
VP-6,0.2379025
WPATH,0.23641782
fragC,0.2180598
minHBint3,0.21782675
minsCH3,0.21658826
maxaaaC,0.2156975
SHother,0.19810846
SHBint5,0.19169796
CrippenLogP,0.19117363
VP-5,0.1902696
nN,0.1891103
maxHBint4,0.18769133
SHCsatu,0.18145053
C2SP3,0.17692904
maxsCH3,0.17149928
ATSm4,0.17077656
WTPT-5,0.17030339
minHaaCH,0.16961142
BCUTc-1h,0.16203892
maxdO,0.16073689
minHCsatu,0.16064762
nH,0.14715384
SsssN,0.14565954
maxHBa,0.14518917
MAXDN2,0.14479263
MAXDP2,0.14031
SaaO,0.13366643
ETA_EtaP_B,0.13305762
nAtomLC,0.13020171
SP-2,0.12677921
ALogp2,0.12223077
LipoaffinityIndex,0.11874361
SdsCH,0.11350865
WPOL,0.11279918
ATSm1,0.11230006
maxHaaCH,0.10532902
PetitjeanNumber,0.10194513
MLFER_S,0.07948254
minwHBa,0.0774919
ATSp2,0.074812986
nHBa,0.07456424
maxHother,0.0717054
ETA_EtaP_F_L,0.069779366
XLogP,0.06691287
SaaCH,0.06685833
ETA_BetaP_ns_d,0.062053144
VC-5,0.058856774
ETA_dEpsilon_C,0.053738408
VPC-4,0.05052096
VPC-6,0.05017408
ETA_Eta_F,0.042080708
SHBa,0.023050759
minaaaC,0.022547944
VPC-5,0.017055606
maxssCH2,0.014613341
SddsN,0.0
SssssNp,0.0
nssssGe,0.0
nssAsH,0.0
nsssAs,0.0
SwHBd,0.0
nsAsH2,0.0
nsssssAs,0.0
nddsAs,0.0
SsssNHp,0.0
ndsssAs,0.0
SaOm,0.0
nsssPbH,0.0
nsSeH,0.0
nssssPb,0.0
ndSe,0.0
nssPbH2,0.0
nssSe,0.0
naaSe,0.0
nsPbH3,0.0
nsI,0.0
ndssSe,0.0
nssssSn,0.0
nsssSnH,0.0
nssssssSe,0.0
nssSnH2,0.0
nddssSe,0.0
nsBr,0.0
nsSnH3,0.0
SssBH,0.0
SaaNH,0.0
nssGeH2,0.0
SHssNH2p,0.0
SHsssNHp,0.0
SHtCH,0.0
SHdCH2,0.0
SHdsCH,0.0
SHCHnX,0.0
StCH,0.0
SdCH2,0.0
SddC,0.0
SssssBm,0.0
SsssB,0.0
SHAvin,0.0
SHmisc,0.0
SsLi,0.0
SssBe,0.0
SssssBem,0.0
SsssCH,0.0
SHsNH3p,0.0
SssNH,0.0
SHBint8,0.0
SdNH,0.0
SssNH2p,0.0
SHBint2,0.0
SHBint3,0.0
SsNH2,0.0
SsNH3p,0.0
SsBH2,0.0
SHBint9,0.0
SHaaNH,0.0
SHBint10,0.0
StsC,0.0
SHsOH,0.0
SHdNH,0.0
SHsSH,0.0
SHsNH2,0.0
SHssNH,0.0
nsssGeH,0.0
Zagreb,0.0
nsGeH3,0.0
nHBint8,0.0
VCH-5,0.0
SC-6,0.0
SP-0,0.0
VP-0,0.0
VP-4,0.0
nHBd,0.0
nwHBd,0.0
nwHBa,0.0
nHBint2,0.0
nHBint3,0.0
nHBint4,0.0
nHBint5,0.0
nHBint6,0.0
nHBint9,0.0
nHCHnX,0.0
nHBint10,0.0
nHsOH,0.0
nHdNH,0.0
nHsSH,0.0
nHsNH2,0.0
nHssNH,0.0
nHaaNH,0.0
nHsNH3p,0.0
nHssNH2p,0.0
nHsssNHp,0.0
nHtCH,0.0
nHdCH2,0.0
nHdsCH,0.0
VCH-4,0.0
VCH-3,0.0
SCH-4,0.0
SCH-3,0.0
naAromAtom,0.0
nAromBond,0.0
nAtom,0.0
nHeavyAtom,0.0
nB,0.0
nC,0.0
nO,0.0
nS,0.0
nP,0.0
nF,0.0
nCl,0.0
nBr,0.0
nI,0.0
nX,0.0
nBase,0.0
BCUTw-1l,0.0
nBonds,0.0
nBondsS3,0.0
nBondsD,0.0
nBondsD2,0.0
nBondsT,0.0
nBondsQ,0.0
nBondsM,0.0
C1SP1,0.0
C2SP1,0.0
C3SP3,0.0
C4SP3,0.0
SsF,0.0
nHCsats,0.0
nsCl,0.0
nssssSi,0.0
nddsN,0.0
naasN,0.0
nssssNp,0.0
nsOH,0.0
ndO,0.0
nssO,0.0
naaO,0.0
naOm,0.0
nsOm,0.0
nsF,0.0
nsSiH3,0.0
nssSiH2,0.0
nsssSiH,0.0
nsPH2,0.0
nHCsatu,0.0
nssPH,0.0
nsssP,0.0
ndsssP,0.0
nddsP,0.0
nsssssP,0.0
nsSH,0.0
ndS,0.0
nssS,0.0
naaS,0.0
ndssS,0.0
nddssS,0.0
nssssssS,0.0
nSm,0.0
nsssN,0.0
ndsN,0.0
nsssNHp,0.0
ntN,0.0
nHAvin,0.0
nHother,0.0
nHmisc,0.0
nsLi,0.0
nssBe,0.0
nssssBem,0.0
nsBH2,0.0
nssBH,0.0
nsssB,0.0
nssssBm,0.0
ndCH2,0.0
ntCH,0.0
ndsCH,0.0
naaCH,0.0
nsssCH,0.0
nddC,0.0
ntsC,0.0
ndssC,0.0
naasC,0.0
naaaC,0.0
nssssC,0.0
nsNH3p,0.0
nsNH2,0.0
nssNH2p,0.0
ndNH,0.0
nssNH,0.0
naaNH,0.0
SsOm,0.0
minHssNH2p,0.0
SsSiH3,0.0
maxssGeH2,0.0
maxSm,0.0
maxssssssS,0.0
maxddssS,0.0
maxdssS,0.0
maxaaS,0.0
maxssS,0.0
maxdS,0.0
maxsSH,0.0
maxsssssP,0.0
maxddsP,0.0
maxdsssP,0.0
maxsssP,0.0
maxssPH,0.0
maxsPH2,0.0
maxssssSi,0.0
maxsGeH3,0.0
maxsssGeH,0.0
maxsssSnH,0.0
maxssssGe,0.0
maxsSnH3,0.0
maxsBr,0.0
maxddssSe,0.0
maxssssssSe,0.0
maxdssSe,0.0
maxaaSe,0.0
maxssSe,0.0
maxdSe,0.0
maxsSeH,0.0
maxsssssAs,0.0
maxddsAs,0.0
maxdsssAs,0.0
maxsssAs,0.0
maxssAsH,0.0
maxsAsH2,0.0
maxsssSiH,0.0
maxssSiH2,0.0
maxsSiH3,0.0
maxsF,0.0
maxddC,0.0
maxsssCH,0.0
maxtCH,0.0
maxdCH2,0.0
maxssssBm,0.0
maxsssB,0.0
maxssBH,0.0
maxsBH2,0.0
maxssssBem,0.0
maxssBe,0.0
maxsLi,0.0
maxHmisc,0.0
maxHAvin,0.0
maxHCsatu,0.0
maxHCHnX,0.0
maxtsC,0.0
maxssssC,0.0
maxsNH3p,0.0
maxsssN,0.0
maxsOm,0.0
maxaOm,0.0
maxaaO,0.0
maxssssNp,0.0
maxaasN,0.0
maxddsN,0.0
maxdsN,0.0
maxsNH2,0.0
maxsssNHp,0.0
maxtN,0.0
maxaaNH,0.0
maxssNH,0.0
maxdNH,0.0
maxssNH2p,0.0
maxssSnH2,0.0
maxssssSn,0.0
SssSiH2,0.0
nF11Ring,0.0
nF8Ring,0.0
nF7Ring,0.0
nF6Ring,0.0
nF5Ring,0.0
nF4Ring,0.0
nG12Ring,0.0
n12Ring,0.0
n11Ring,0.0
n10Ring,0.0
n9Ring,0.0
n8Ring,0.0
n7Ring,0.0
n6Ring,0.0
n4Ring,0.0
n3Ring,0.0
nF10Ring,0.0
nF12Ring,0.0
maxsI,0.0
nFG12Ring,0.0
WTPT-1,0.0
VAdjMat,0.0
LipinskiFailures,0.0
nRotB,0.0
nTG12Ring,0.0
nT12Ring,0.0
nT11Ring,0.0
nT10Ring,0.0
nT9Ring,0.0
nT8Ring,0.0
nT7Ring,0.0
nT6Ring,0.0
nT5Ring,0.0
nT4Ring,0.0
nTRing,0.0
nRing,0.0
MDEN-33,0.0
MDEN-22,0.0
MDEN-13,0.0
ETA_dPsi_B,0.0
ETA_dPsi_A,0.0
ETA_dEpsilon_B,0.0
ETA_Epsilon_3,0.0
ETA_Epsilon_2,0.0
ETA_dAlpha_B,0.0
ETA_dAlpha_A,0.0
MAXDP,0.0
MAXDN,0.0
gmax,0.0
sumI,0.0
maxssssPb,0.0
maxsssPbH,0.0
maxssPbH2,0.0
maxsPbH3,0.0
ETA_Beta_ns_d,0.0
ETA_EtaP,0.0
ETA_EtaP_L,0.0
McGowan_Volume,0.0
MDEN-12,0.0
MDEN-11,0.0
MDEO-22,0.0
MDEC-44,0.0
MDEC-24,0.0
MDEC-14,0.0
MLogP,0.0
ETA_Eta_R_L,0.0
nAtomLAC,0.0
nAtomP,0.0
nHBDon_Lipinski,0.0
nHBDon,0.0
nHBAcc3,0.0
nHBAcc2,0.0
maxHdsCH,0.0
maxHdCH2,0.0
maxHtCH,0.0
minHsssNHp,0.0
minHaaNH,0.0
minHssNH,0.0
minHsNH2,0.0
minHsSH,0.0
minHdNH,0.0
minHBint10,0.0
minHBint9,0.0
minHBint8,0.0
minHBint5,0.0
minwHBd,0.0
SssssPb,0.0
SsssPbH,0.0
SssPbH2,0.0
SsPbH3,0.0
SsI,0.0
minHsNH3p,0.0
minHtCH,0.0
maxHsssNHp,0.0
minHdCH2,0.0
mintsC,0.0
minddC,0.0
mintCH,0.0
mindCH2,0.0
minssssBm,0.0
minsssB,0.0
minssBH,0.0
minsBH2,0.0
minssssBem,0.0
minssBe,0.0
minsLi,0.0
minHmisc,0.0
minHAvin,0.0
minHCHnX,0.0
minHdsCH,0.0
SssssSn,0.0
SsssSnH,0.0
SssSnH2,0.0
SsSnH3,0.0
SSm,0.0
SssssssS,0.0
SdssS,0.0
SaaS,0.0
SssS,0.0
SdS,0.0
SsSH,0.0
SsssssP,0.0
SddsP,0.0
SdsssP,0.0
SsssP,0.0
SssPH,0.0
SsPH2,0.0
SssssSi,0.0
SsssSiH,0.0
SsGeH3,0.0
SssGeH2,0.0
SsssGeH,0.0
SdSe,0.0
SsBr,0.0
SddssSe,0.0
SssssssSe,0.0
SdssSe,0.0
SaaSe,0.0
SssSe,0.0
SsSeH,0.0
SssssGe,0.0
SsssssAs,0.0
SddsAs,0.0
SdsssAs,0.0
SsssAs,0.0
SssAsH,0.0
SsAsH2,0.0
minssssC,0.0
minsNH3p,0.0
minsNH2,0.0
minssssGe,0.0
minssSnH2,0.0
minsSnH3,0.0
minsBr,0.0
minddssSe,0.0
minssssssSe,0.0
mindssSe,0.0
minaaSe,0.0
minssSe,0.0
mindSe,0.0
minsSeH,0.0
minsssssAs,0.0
minddsAs,0.0
mindsssAs,0.0
minsssAs,0.0
minssAsH,0.0
minsssSnH,0.0
minssssSn,0.0
minsI,0.0
maxHBint10,0.0
maxHssNH2p,0.0
maxHsNH3p,0.0
maxHaaNH,0.0
maxHsNH2,0.0
maxHsSH,0.0
maxHdNH,0.0
maxHBint9,0.0
minsPbH3,0.0
maxHBint3,0.0
maxHBint2,0.0
maxwHBd,0.0
minssssPb,0.0
minsssPbH,0.0
minssPbH2,0.0
minsAsH2,0.0
minsssGeH,0.0
minssNH2p,0.0
minssGeH2,0.0
minsSiH3,0.0
minsF,0.0
minsOm,0.0
minaOm,0.0
minaaO,0.0
minssO,0.0
minssssNp,0.0
minaasN,0.0
minddsN,0.0
minsssN,0.0
mindsN,0.0
minsssNHp,0.0
minaaNH,0.0
minssNH,0.0
mindNH,0.0
minssSiH2,0.0
minsssSiH,0.0
minssssSi,0.0
minssS,0.0
minsGeH3,0.0
minSm,0.0
minssssssS,0.0
minddssS,0.0
mindssS,0.0
minaaS,0.0
mindS,0.0
minsPH2,0.0
minsSH,0.0
minsssssP,0.0
minddsP,0.0
mindsssP,0.0
minsssP,0.0
minssPH,0.0
nAcid,0.0
