MDEC-23,100.0
C1SP2,74.483376
LipoaffinityIndex,62.148605
minHssNH,39.87247
SdsN,37.76177
maxHsOH,35.126938
minsOH,26.280897
ATSp5,24.827955
minHsOH,20.31238
VCH-5,17.850391
minsssN,17.455359
ndssC,15.637578
MDEO-12,13.682718
MDEC-34,13.614159
MLFER_A,11.907261
minHBint5,9.727614
maxssO,9.684176
nHBAcc,8.290284
C3SP2,8.146608
WPOL,8.0317
BCUTc-1l,7.904017
VC-5,7.402804
naaN,7.1499257
SHaaNH,6.8582015
nssO,6.7776732
nHBAcc_Lipinski,6.610924
maxdO,6.5428047
VPC-6,6.3840823
nHCsatu,6.1242285
SPC-6,5.947539
nFG12Ring,5.747855
MDEO-22,5.023056
minHBint10,4.6844816
SsOH,4.6166034
VP-5,4.0772247
maxHBd,4.0589232
MDEC-33,3.983134
maxHCsatu,3.8636658
MAXDP,3.6170104
SHBint6,3.3975043
maxHBa,3.3305206
SHBint2,3.2175913
ETA_Eta_L,3.1775951
ETA_BetaP,3.1005204
nsssCH,3.0793698
mindO,2.9712584
MLogP,2.9413724
SCH-7,2.9196696
SHCsatu,2.90976
SdssC,2.6769648
SP-5,2.657789
SaaN,2.6427913
SP-6,2.419566
nHBint6,2.3777397
minsF,2.365352
SP-4,2.2602525
minHCsatu,2.2408953
ETA_Epsilon_3,2.230391
MLFER_BO,2.1169293
nHBint10,2.1157641
mindssC,2.1072
maxHBint5,2.0218282
minHBint3,1.9794134
gmin,1.9764235
WTPT-2,1.9444382
ETA_Eta_F,1.9391679
MLFER_E,1.9277178
MDEC-14,1.9111176
maxHBint8,1.8810769
SHBint10,1.8552827
ECCEN,1.8505139
nAtomP,1.8019316
VCH-7,1.775864
ETA_dBeta,1.7751455
ETA_Epsilon_1,1.7184209
ETA_Epsilon_4,1.6902436
SHtCH,1.6817052
SCH-6,1.6680688
VP-6,1.5981481
WPATH,1.5696837
SPC-5,1.5610944
Kier3,1.5261455
ETA_dEpsilon_D,1.4641348
minssssC,1.4603918
hmin,1.4601573
maxHssNH,1.4345037
minssNH,1.4288979
nHBint8,1.3822107
SHsOH,1.3797176
BCUTp-1h,1.3647239
CrippenLogP,1.3569548
MLFER_BH,1.3551756
SHBa,1.3409317
minHother,1.3215168
ATSc5,1.3171519
ETA_EtaP,1.2662013
ATSc1,1.2519017
WTPT-5,1.2494297
SHaaCH,1.2241634
ETA_Beta,1.2189118
VP-4,1.2176286
maxHAvin,1.2134191
MDEC-24,1.198034
maxaasC,1.1812027
maxdssC,1.1502134
BCUTw-1h,1.1257623
nBondsD2,1.1154672
SaaaC,1.1149011
SP-3,1.1040782
nHBint7,1.0866399
VC-6,1.0602596
SaaCH,1.0457107
ETA_dEpsilon_C,1.0266993
CrippenMR,1.0256556
VP-3,1.0213646
minHBint7,1.0157187
minsCl,1.0119883
minssCH2,1.0052162
SHBint3,0.9849737
SHBint8,0.9714206
ETA_BetaP_ns,0.9597402
maxHBint9,0.9453022
minwHBd,0.9433712
maxsssN,0.93585134
SssCH2,0.93263656
nHdsCH,0.9027249
ATSp4,0.8981978
minaaN,0.8647247
VP-2,0.86285406
nssCH2,0.8475311
minssO,0.84724855
ETA_EtaP_F,0.83355045
maxHBint10,0.82238764
hmax,0.81408507
ETA_Beta_ns,0.8038382
naasC,0.794918
C3SP3,0.7875724
SC-5,0.7699467
VC-4,0.7668348
ETA_Shape_Y,0.76675075
gmax,0.76607895
SwHBd,0.7612444
maxwHBa,0.7612132
ETA_BetaP_s,0.75965387
ETA_AlphaP,0.75849044
BCUTw-1l,0.75813985
nBondsD,0.7580492
ETA_BetaP_ns_d,0.7498426
maxsCl,0.7315153
ETA_Epsilon_2,0.723655
maxssCH2,0.71841806
VCH-6,0.71541977
minaaaC,0.7056738
maxsCH3,0.6880098
XLogP,0.6616431
SaasC,0.655456
ETA_EtaP_B,0.65138453
maxHBint3,0.6450094
maxHdsCH,0.64022464
SHBint9,0.64004785
DELS2,0.63923806
minaaCH,0.6391399
ATSc3,0.6373137
WTPT-4,0.63590306
minsBr,0.62814254
PetitjeanNumber,0.6241961
maxHother,0.62011576
ETA_Eta_B,0.61305547
VP-7,0.6123418
minHBint6,0.6097146
ALogp2,0.60652095
BCUTp-1l,0.6039006
MDEC-13,0.5958077
SP-2,0.59564656
SHCHnX,0.59320265
AMR,0.5918166
minsssCH,0.5843504
nBondsM,0.5843218
minHCsats,0.5662535
ETA_Eta_B_RC,0.546528
MDEC-22,0.5293402
minaaO,0.50974756
SP-0,0.5077987
Kier2,0.5059858
TopoPSA,0.49668077
VPC-4,0.48771358
maxsOH,0.48563945
MDEC-11,0.48350146
VPC-5,0.48219526
minHBa,0.47899416
nHBint4,0.4738406
ATSc2,0.4734444
VC-3,0.47109723
ETA_Epsilon_5,0.46900097
nHCsats,0.46567762
ATSm1,0.46104497
MAXDN2,0.45892727
ETA_dBetaP,0.45320424
SHBint4,0.44129416
minHdsCH,0.44005206
minHBint4,0.43974015
SPC-4,0.43037647
minwHBa,0.42357916
nC,0.41441685
maxHBint7,0.40989584
SHBd,0.4095768
ETA_dEpsilon_B,0.408942
MLFER_L,0.40880013
maxHaaCH,0.40710074
ATSm4,0.40638354
maxHCsats,0.40286314
ETA_Beta_s,0.4018435
HybRatio,0.40035316
ETA_EtaP_B_RC,0.3922628
SHdsCH,0.38709056
ETA_Eta_R,0.3857846
nHBAcc2,0.38500476
mindsCH,0.38300976
SsBr,0.37931088
SHCsats,0.377372
nHBint9,0.37383375
ETA_EtaP_F_L,0.35877413
FMF,0.3562916
minHBint2,0.35569513
MW,0.3540959
SaaNH,0.3536215
maxdsCH,0.3535497
SsssN,0.35226643
MDEN-23,0.338949
MDEC-12,0.3385228
minHBint9,0.32453272
SP-7,0.3162132
VP-1,0.31480786
WTPT-3,0.31377062
maxsssCH,0.30691868
BCUTc-1h,0.30608752
SCH-5,0.30473956
ATSm3,0.29978672
nAromBond,0.29637343
nH,0.29559284
SaaO,0.29453525
SHBint7,0.28966546
nHaaCH,0.28801954
minHBd,0.28779787
SssssC,0.2872267
ETA_Shape_P,0.2854327
SsCH3,0.28485236
SwHBa,0.2781293
mintsC,0.2778237
maxHBint2,0.2771575
ETA_Shape_X,0.26964438
minaasC,0.26581845
minHaaCH,0.26118708
SdS,0.2607194
ATSc4,0.25611654
C2SP2,0.25258538
SHBint5,0.24520904
SC-6,0.24080226
nTRing,0.2402436
ATSp1,0.23888959
maxaaaC,0.23472641
SHother,0.23421638
SddssS,0.23403622
ETA_Eta_F_L,0.2321622
sumI,0.22804293
ETA_EtaP_L,0.2261827
ETA_Alpha,0.21859449
minsCH3,0.19832832
ATSm5,0.19748686
DELS,0.19137889
SssO,0.18929043
nAtomLC,0.1829652
bpol,0.18132538
nAcid,0.17894398
SsCl,0.1637311
MAXDN,0.16219892
ETA_dEpsilon_A,0.16040474
maxaaCH,0.15611652
SdO,0.15581958
McGowan_Volume,0.15407625
MAXDP2,0.15274726
MLFER_S,0.15045634
naaaC,0.14537682
SC-4,0.14091931
MDEN-33,0.13727413
VABC,0.13506219
ATSm2,0.13014346
SC-3,0.12838444
nS,0.12697127
C2SP3,0.1257141
maxssssC,0.12543422
maxssNH,0.1184545
ETA_Eta,0.11659749
ALogP,0.11106152
maxHBint6,0.11079469
StN,0.108320095
WTPT-1,0.09779636
nT8Ring,0.097388044
SdsCH,0.09214529
SsF,0.08794041
nO,0.08535325
maxHBint4,0.0848399
SaaS,0.08330945
VP-0,0.080225416
apol,0.07898987
StsC,0.07790515
ATSp3,0.077835776
nBondsS2,0.07286443
nwHBa,0.07153153
nAtom,0.07028251
nsCH3,0.06566003
MDEO-11,0.0641164
SHAvin,0.06326374
SaasN,0.06060641
maxaaN,0.057585556
MDEN-13,0.050596364
SsssCH,0.050120823
nN,0.043280788
mintN,0.042957332
nBondsS,0.039427742
nHother,0.03909328
nHeavyAtom,0.039083984
C1SP3,0.03743058
SHssNH,0.03684978
nBonds,0.033108503
StCH,0.032602873
SHdCH2,0.032479182
minHBint8,0.032302707
minssS,0.032041185
ETA_Psi_1,0.030019151
SssNH,0.025359584
nHBint5,0.023639724
nF,0.0198156
nBondsS3,0.018922092
minaaS,0.018343559
SdCH2,0.015265812
SP-1,0.013018914
nX,0.012357942
naAromAtom,0.012107438
nBr,0.004087279
maxsF,0.0032714498
nCl,0.0019535527
nssS,0.00011978696
SHsNH2,0.0
SHsSH,0.0
SHdNH,0.0
SHsNH3p,0.0
SHmisc,0.0
nssPbH2,0.0
SsLi,0.0
SssssBem,0.0
SssBe,0.0
SHssNH2p,0.0
nssssPb,0.0
nsssPbH,0.0
nddssSe,0.0
nssssssSe,0.0
nsPbH3,0.0
nsI,0.0
nsSeH,0.0
ndSe,0.0
nssSe,0.0
nssssSn,0.0
naaSe,0.0
nsssSnH,0.0
ndssSe,0.0
nssSnH2,0.0
nsSnH3,0.0
nsBr,0.0
SHsssNHp,0.0
nHdNH,0.0
nsssssAs,0.0
nddsAs,0.0
nHssNH,0.0
nHaaNH,0.0
nHsNH3p,0.0
nHssNH2p,0.0
nHsssNHp,0.0
nHtCH,0.0
nHdCH2,0.0
nHCHnX,0.0
nHAvin,0.0
nHmisc,0.0
nsLi,0.0
nssBe,0.0
nssssBem,0.0
nsBH2,0.0
nssBH,0.0
nsssB,0.0
nssssBm,0.0
ndCH2,0.0
ntCH,0.0
ndsCH,0.0
naaCH,0.0
nHsNH2,0.0
nHsSH,0.0
SssBH,0.0
C2SP1,0.0
nB,0.0
nP,0.0
nI,0.0
ATSp2,0.0
nBase,0.0
nBonds2,0.0
nBondsT,0.0
nBondsQ,0.0
C1SP1,0.0
C4SP3,0.0
nHsOH,0.0
SCH-3,0.0
SCH-4,0.0
VCH-3,0.0
VCH-4,0.0
nHBd,0.0
nwHBd,0.0
nHBa,0.0
nHBint2,0.0
nHBint3,0.0
nddC,0.0
ntsC,0.0
nssssC,0.0
nssssssS,0.0
nsssP,0.0
ndsssP,0.0
nddsP,0.0
nsssssP,0.0
nsSH,0.0
ndS,0.0
naaS,0.0
ndssS,0.0
nddssS,0.0
nSm,0.0
nsPH2,0.0
nsCl,0.0
nsGeH3,0.0
nssGeH2,0.0
nsssGeH,0.0
nssssGe,0.0
nsAsH2,0.0
nssAsH,0.0
nsssAs,0.0
ndsssAs,0.0
nssPH,0.0
nssssSi,0.0
nsNH3p,0.0
nddsN,0.0
nsNH2,0.0
nssNH2p,0.0
ndNH,0.0
nssNH,0.0
naaNH,0.0
ntN,0.0
nsssNHp,0.0
ndsN,0.0
nsssN,0.0
naasN,0.0
nsssSiH,0.0
nssssNp,0.0
nsOH,0.0
ndO,0.0
naaO,0.0
naOm,0.0
nsOm,0.0
nsF,0.0
nsSiH3,0.0
nssSiH2,0.0
SsBH2,0.0
Zagreb,0.0
SsssB,0.0
maxsOm,0.0
maxssSiH2,0.0
maxsssSiH,0.0
maxssssSi,0.0
maxsPH2,0.0
maxssPH,0.0
maxsssP,0.0
maxdsssP,0.0
maxddsP,0.0
maxsssssP,0.0
maxsSH,0.0
maxdS,0.0
maxssS,0.0
maxaaS,0.0
maxdssS,0.0
maxddssS,0.0
maxssssssS,0.0
maxSm,0.0
maxsGeH3,0.0
maxssGeH2,0.0
maxsssGeH,0.0
maxssssGe,0.0
maxsAsH2,0.0
maxssAsH,0.0
maxsssAs,0.0
maxdsssAs,0.0
maxddsAs,0.0
maxsssssAs,0.0
maxsSeH,0.0
maxdSe,0.0
maxsSiH3,0.0
maxaOm,0.0
maxHsNH2,0.0
maxaaO,0.0
maxHsNH3p,0.0
maxHssNH2p,0.0
maxHsssNHp,0.0
maxHtCH,0.0
maxHdCH2,0.0
maxHCHnX,0.0
maxHmisc,0.0
maxsLi,0.0
maxssBe,0.0
maxssssBem,0.0
maxsBH2,0.0
maxssBH,0.0
maxsssB,0.0
maxssssBm,0.0
maxdCH2,0.0
maxtCH,0.0
maxddC,0.0
maxtsC,0.0
maxsNH3p,0.0
maxsNH2,0.0
maxssNH2p,0.0
maxdNH,0.0
maxaaNH,0.0
maxtN,0.0
maxsssNHp,0.0
maxdsN,0.0
maxddsN,0.0
maxaasN,0.0
maxssssNp,0.0
maxssSe,0.0
maxaaSe,0.0
maxdssSe,0.0
maxssssssSe,0.0
n7Ring,0.0
n8Ring,0.0
n9Ring,0.0
n10Ring,0.0
n11Ring,0.0
n12Ring,0.0
nG12Ring,0.0
nFRing,0.0
nF4Ring,0.0
nF5Ring,0.0
nF6Ring,0.0
nF7Ring,0.0
nF8Ring,0.0
nF9Ring,0.0
nF10Ring,0.0
nF11Ring,0.0
nF12Ring,0.0
nT4Ring,0.0
nT5Ring,0.0
nT6Ring,0.0
nT7Ring,0.0
nT9Ring,0.0
nT10Ring,0.0
nT11Ring,0.0
nT12Ring,0.0
nTG12Ring,0.0
nRotB,0.0
LipinskiFailures,0.0
VAdjMat,0.0
n6Ring,0.0
n5Ring,0.0
n4Ring,0.0
ETA_dPsi_A,0.0
maxddssSe,0.0
maxsBr,0.0
maxsSnH3,0.0
maxssSnH2,0.0
maxsssSnH,0.0
maxssssSn,0.0
maxsI,0.0
maxsPbH3,0.0
maxssPbH2,0.0
maxsssPbH,0.0
maxssssPb,0.0
ETA_dAlpha_A,0.0
ETA_dAlpha_B,0.0
ETA_dPsi_B,0.0
n3Ring,0.0
ETA_Beta_ns_d,0.0
ETA_Eta_R_L,0.0
fragC,0.0
nHBAcc3,0.0
nHBDon,0.0
nHBDon_Lipinski,0.0
Kier1,0.0
nAtomLAC,0.0
MDEC-44,0.0
MDEN-11,0.0
MDEN-12,0.0
MDEN-22,0.0
nRing,0.0
maxHaaNH,0.0
maxHsSH,0.0
SssssBm,0.0
SsssAs,0.0
SddsAs,0.0
SsssssAs,0.0
SsSeH,0.0
SdSe,0.0
SssSe,0.0
SaaSe,0.0
SdssSe,0.0
SssssssSe,0.0
SddssSe,0.0
SsSnH3,0.0
SssSnH2,0.0
SsssSnH,0.0
SssssSn,0.0
SsI,0.0
SsPbH3,0.0
SssPbH2,0.0
SsssPbH,0.0
SssssPb,0.0
minHdNH,0.0
minHsSH,0.0
minHsNH2,0.0
minHaaNH,0.0
minHsNH3p,0.0
minHsssNHp,0.0
minHtCH,0.0
minHdCH2,0.0
minHCHnX,0.0
minHAvin,0.0
minHmisc,0.0
SdsssAs,0.0
SssAsH,0.0
maxHdNH,0.0
SsAsH2,0.0
SddC,0.0
SsNH3p,0.0
SsNH2,0.0
SssNH2p,0.0
SdNH,0.0
SsssNHp,0.0
SddsN,0.0
SssssNp,0.0
SaOm,0.0
SsOm,0.0
SsSiH3,0.0
SssSiH2,0.0
SsssSiH,0.0
SssssSi,0.0
SsPH2,0.0
SssPH,0.0
SsssP,0.0
SdsssP,0.0
SddsP,0.0
SsssssP,0.0
SsSH,0.0
SssS,0.0
SdssS,0.0
SssssssS,0.0
SSm,0.0
SsGeH3,0.0
SssGeH2,0.0
SsssGeH,0.0
SssssGe,0.0
minsLi,0.0
minssBe,0.0
minssssBem,0.0
minsBH2,0.0
minssssssS,0.0
minSm,0.0
minsGeH3,0.0
minssGeH2,0.0
minsssGeH,0.0
minssssGe,0.0
minsAsH2,0.0
minssAsH,0.0
minsssAs,0.0
mindsssAs,0.0
minddsAs,0.0
minsssssAs,0.0
minsSeH,0.0
mindSe,0.0
minssSe,0.0
minaaSe,0.0
mindssSe,0.0
minssssssSe,0.0
minddssSe,0.0
minsSnH3,0.0
minssSnH2,0.0
minsssSnH,0.0
minssssSn,0.0
minsI,0.0
minsPbH3,0.0
minssPbH2,0.0
minsssPbH,0.0
minssssPb,0.0
maxwHBd,0.0
minddssS,0.0
mindssS,0.0
mindS,0.0
minddsN,0.0
minssBH,0.0
minsssB,0.0
minssssBm,0.0
mindCH2,0.0
mintCH,0.0
minddC,0.0
minsNH3p,0.0
minsNH2,0.0
minssNH2p,0.0
mindNH,0.0
minaaNH,0.0
minsssNHp,0.0
mindsN,0.0
minaasN,0.0
minsSH,0.0
minssssNp,0.0
minaOm,0.0
minsOm,0.0
minsSiH3,0.0
minssSiH2,0.0
minsssSiH,0.0
minssssSi,0.0
minsPH2,0.0
minssPH,0.0
minsssP,0.0
mindsssP,0.0
minddsP,0.0
minsssssP,0.0
minHssNH2p,0.0
