nHBint3,100.0
BCUTc-1l,90.38992
minHCsatu,87.77654
maxsssCH,52.682068
gmax,47.976738
maxHBint6,47.952187
minHBint7,36.93091
SHsOH,36.15504
VC-6,35.21942
MDEO-12,34.679214
SssO,33.636295
C2SP3,33.386044
SP-1,29.96984
nBonds,27.880678
HybRatio,27.218489
SCH-6,26.409472
MDEC-22,25.135502
MDEC-33,24.13158
nAtom,22.831024
ETA_Beta_ns,22.20755
minssO,21.479761
nBondsS2,20.75161
SdO,20.298763
SaaNH,19.72958
minaaO,19.674946
ATSm2,19.55521
ETA_Epsilon_5,19.5222
maxHBint3,18.267685
Zagreb,17.770514
minsCl,17.330046
maxHBint10,17.214542
ATSm5,16.306376
BCUTw-1l,15.680632
MDEN-33,14.7965
MDEN-22,14.501366
VPC-5,14.490141
MDEO-22,14.131912
ETA_dBetaP,14.1153965
ETA_dEpsilon_D,14.070018
naasC,13.846083
VCH-7,13.77667
VP-2,13.639513
DELS2,13.452882
maxHBint8,13.347948
ETA_Shape_Y,13.195154
maxssO,13.065197
maxsCH3,13.062339
ATSc2,12.885976
BCUTw-1h,12.75115
VP-5,12.690534
MLFER_A,12.487731
MDEN-23,12.40967
hmin,12.159486
ATSp5,11.985998
MDEC-14,11.968241
SsOH,11.830213
MLFER_L,11.782843
VP-3,11.746437
SHBint7,11.729746
DELS,11.576869
MDEC-34,11.552202
VP-1,11.369114
Kier3,10.67172
nAtomLAC,10.665673
ATSm1,10.39993
MAXDN,10.3587675
ATSm4,10.351711
SP-5,10.197045
ETA_Epsilon_3,10.134992
nssCH2,10.126636
ATSp4,10.029496
SPC-4,9.984856
FMF,9.829898
hmax,9.624296
ETA_EtaP_B_RC,9.62387
MAXDP,9.344689
minHdsCH,9.329909
MLFER_BO,9.314298
SHBd,9.235263
minHCsats,9.187809
SaaO,9.087653
SPC-5,9.0849285
LipoaffinityIndex,9.065989
nH,8.890156
nHBint9,8.882766
nHaaNH,8.792924
ATSc4,8.7872305
ETA_EtaP_F_L,8.694194
SssCH2,7.9140096
maxHaaCH,7.8439207
SHaaCH,7.7909455
ETA_BetaP_s,7.7208495
ETA_Epsilon_1,7.7180624
maxaaN,7.704077
MDEC-11,7.694659
ATSc1,7.643061
maxssCH2,7.4398766
WTPT-3,7.4321957
SsssN,7.395138
maxdO,7.324962
SHBint5,7.2853155
minaaaC,7.1078897
nAtomP,7.103023
nBondsS3,7.059589
SHCsats,7.0460544
SHssNH,7.0306406
MAXDN2,7.0015907
MLFER_S,6.697064
ETA_Epsilon_4,6.678389
BCUTc-1h,6.6457906
nHBint5,6.638262
minHsOH,6.593097
TopoPSA,6.5334024
minHBa,6.4867115
minHAvin,6.436386
maxHother,6.4316616
minHBint3,6.4128823
SHBint3,6.4069724
VP-4,6.341917
ALogP,6.2767835
minsCH3,6.247157
minHBint6,6.2079506
gmin,6.1935945
minssCH2,6.192023
minHBint4,6.1715245
minHBint9,6.1053505
SCH-5,5.915351
ndsN,5.831106
ETA_Shape_P,5.804428
nHBint7,5.8025556
SaaaC,5.7588263
MLogP,5.7586317
SP-6,5.6587634
minHBint10,5.653734
maxHCsats,5.6502457
minaaN,5.6296406
SdssC,5.4828296
BCUTp-1l,5.4635615
ETA_dBeta,5.410511
ETA_Eta_F,5.3880835
maxsssN,5.351649
SCH-7,5.290554
SHBint10,5.2133503
minHBd,5.159086
ETA_AlphaP,5.111877
ETA_EtaP_B,5.0037017
VPC-6,4.983018
maxaaO,4.9456625
ETA_Eta_B,4.9414186
SPC-6,4.8769574
mindssC,4.8483777
minaaCH,4.7309003
C3SP2,4.722272
nssssC,4.7031565
SP-7,4.6334853
minsF,4.6168375
ATSc3,4.5925336
mindsCH,4.5713463
ETA_EtaP_L,4.4518332
maxHBint2,4.4483204
maxwHBa,4.3905435
VP-6,4.3865633
minHBint5,4.3849716
minHaaCH,4.2551794
SssS,4.245311
SHother,4.1711674
minHssNH,4.0835724
ALogp2,4.035271
SaasC,4.025233
SHBa,4.010911
minsssCH,3.9452534
nsssCH,3.8073425
ATSp1,3.7747364
WTPT-2,3.7540185
CrippenLogP,3.736204
minHother,3.7338738
ETA_BetaP_ns_d,3.7309003
SsCH3,3.7051282
SssssC,3.6619444
ETA_dEpsilon_A,3.6341004
ETA_Eta_B_RC,3.5542123
ATSp3,3.4995708
minaasC,3.4592886
PetitjeanNumber,3.4545605
nBondsS,3.4357388
SP-4,3.4265182
nN,3.401129
MDEC-23,3.3778365
ETA_Beta_ns_d,3.317576
SaaCH,3.2736077
ETA_EtaP_F,3.2684586
VC-3,3.2425954
VP-0,3.1857843
minHBint8,3.169299
SHCsatu,3.163023
bpol,3.1474073
minHBint2,3.0654886
MLFER_BH,3.040191
ATSc5,3.037887
mindO,2.975834
MLFER_E,2.974011
SaaN,2.9676015
maxaasC,2.9555964
ETA_Eta,2.9337506
nX,2.9235992
WTPT-4,2.8536966
MW,2.8145812
MDEC-13,2.7600408
SP-2,2.7317998
XLogP,2.7285585
MAXDP2,2.6132522
maxdssC,2.6085517
nBonds2,2.594445
maxsOH,2.5348277
nHBAcc,2.4780636
ETA_dEpsilon_C,2.4538999
SHBint9,2.4451737
SaaS,2.4193616
maxHBa,2.3770123
SHBint4,2.3364139
SwHBa,2.268807
maxHBd,2.1809063
WPATH,2.1353776
minwHBa,2.101593
maxdsCH,2.0964565
sumI,2.0832021
C1SP3,2.0499957
VCH-5,2.0063694
maxsF,1.9751078
ECCEN,1.9485606
SC-5,1.9179397
WTPT-1,1.8982898
ETA_EtaP,1.8461297
maxaaaC,1.836635
ETA_BetaP_ns,1.8332455
AMR,1.7942307
MDEC-24,1.7626581
ETA_BetaP,1.7403234
ETA_Eta_F_L,1.7166609
VABC,1.6647782
VPC-4,1.650945
nHsOH,1.6303525
ETA_Eta_L,1.6199745
minsOH,1.6139714
nAtomLC,1.610252
CrippenMR,1.5912241
ETA_dEpsilon_B,1.5470359
SHdsCH,1.5172203
nHCsats,1.4734771
McGowan_Volume,1.4528981
maxaaCH,1.3745327
SC-3,1.2833678
ETA_Eta_R,1.26439
ETA_Beta,1.2374737
SP-3,1.206769
WTPT-5,1.1886476
SP-0,1.0587524
VP-7,1.0422947
minssssC,0.991812
apol,0.9916858
VC-5,0.9856105
maxHsOH,0.9440932
maxHBint4,0.93426055
ATSp2,0.93251497
Kier2,0.8937523
WPOL,0.8811788
nBondsD2,0.8412558
ATSm3,0.8258088
ETA_Alpha,0.54644644
MDEC-12,0.53764653
SHBint6,0.53433645
nHBAcc2,0.47395703
SHBint2,0.44592148
ETA_Psi_1,0.3648953
SHAvin,0.34541193
maxHCsatu,0.32966697
maxHssNH,0.32920757
BCUTp-1h,0.2995112
MDEO-11,0.11863647
nAromBond,0.0
nssSnH2,0.0
C2SP1,0.0
SC-6,0.0
VC-4,0.0
nssPbH2,0.0
C1SP2,0.0
nsSnH3,0.0
C1SP1,0.0
SwHBd,0.0
nHeavyAtom,0.0
nsBr,0.0
SC-4,0.0
C2SP2,0.0
nsPbH3,0.0
nsssSnH,0.0
naAromAtom,0.0
C3SP3,0.0
C4SP3,0.0
nssssSn,0.0
SCH-3,0.0
SCH-4,0.0
nsI,0.0
VCH-6,0.0
VCH-3,0.0
nssssPb,0.0
nsssPbH,0.0
VCH-4,0.0
nHCHnX,0.0
SHdNH,0.0
nBondsM,0.0
SsBH2,0.0
SsssB,0.0
SssssBm,0.0
SdCH2,0.0
StCH,0.0
SdsCH,0.0
SsssCH,0.0
SddC,0.0
StsC,0.0
nO,0.0
nS,0.0
nP,0.0
nF,0.0
nBase,0.0
nCl,0.0
SsNH3p,0.0
SsNH2,0.0
SssNH2p,0.0
SssBH,0.0
SssssBem,0.0
nBondsQ,0.0
SssBe,0.0
nBondsT,0.0
SHBint8,0.0
nssssssSe,0.0
SHsSH,0.0
SHsNH2,0.0
SHaaNH,0.0
SHsNH3p,0.0
SHssNH2p,0.0
SHsssNHp,0.0
SHtCH,0.0
SHdCH2,0.0
nBondsD,0.0
SHCHnX,0.0
nB,0.0
nC,0.0
SHmisc,0.0
SsLi,0.0
nddssSe,0.0
nsSeH,0.0
ndssSe,0.0
naaSe,0.0
nHssNH,0.0
nddC,0.0
ntsC,0.0
ndssC,0.0
nHsNH2,0.0
naaaC,0.0
nHsSH,0.0
nsNH3p,0.0
nsNH2,0.0
nssNH2p,0.0
ndNH,0.0
nssNH,0.0
naaNH,0.0
ntN,0.0
nsssNHp,0.0
nHdNH,0.0
naaN,0.0
nsssN,0.0
nddsN,0.0
naasN,0.0
nssssNp,0.0
naaCH,0.0
ndsCH,0.0
ntCH,0.0
nHdsCH,0.0
nHCsatu,0.0
nHAvin,0.0
nHother,0.0
nHmisc,0.0
nsLi,0.0
nssBe,0.0
nssssBem,0.0
nHaaCH,0.0
nsBH2,0.0
nssBH,0.0
nHsNH3p,0.0
nI,0.0
nsssB,0.0
nHdCH2,0.0
nHtCH,0.0
nHsssNHp,0.0
nssssBm,0.0
nHssNH2p,0.0
nsCH3,0.0
ndCH2,0.0
SdNH,0.0
nsOH,0.0
ndO,0.0
nsssAs,0.0
nHBint4,0.0
nSm,0.0
nsCl,0.0
nsGeH3,0.0
nssGeH2,0.0
nsssGeH,0.0
nssssGe,0.0
nsAsH2,0.0
nssAsH,0.0
nHBint2,0.0
nddssS,0.0
nwHBa,0.0
nHBa,0.0
ndsssAs,0.0
nddsAs,0.0
nwHBd,0.0
nHBd,0.0
nsssssAs,0.0
ndSe,0.0
nssSe,0.0
nssssssS,0.0
ndssS,0.0
nssO,0.0
nssPH,0.0
naaO,0.0
naOm,0.0
nsOm,0.0
nsF,0.0
nsSiH3,0.0
nssSiH2,0.0
nsssSiH,0.0
nssssSi,0.0
nsPH2,0.0
nsssP,0.0
naaS,0.0
ndsssP,0.0
nddsP,0.0
nsssssP,0.0
nsSH,0.0
ndS,0.0
nssS,0.0
nHBint10,0.0
nHBint8,0.0
nHBint6,0.0
nBr,0.0
minHssNH2p,0.0
SssNH,0.0
maxsssP,0.0
maxssS,0.0
maxdS,0.0
maxsSH,0.0
maxsssssP,0.0
maxddsP,0.0
maxdsssP,0.0
maxssPH,0.0
maxdssS,0.0
maxsPH2,0.0
maxssssSi,0.0
maxsssSiH,0.0
maxssSiH2,0.0
maxsSiH3,0.0
maxsOm,0.0
maxaaS,0.0
maxddssS,0.0
maxHsSH,0.0
maxssAsH,0.0
maxdSe,0.0
maxsSeH,0.0
maxsssssAs,0.0
maxddsAs,0.0
maxdsssAs,0.0
maxsssAs,0.0
maxsAsH2,0.0
maxssssssS,0.0
maxssssGe,0.0
maxsssGeH,0.0
maxssGeH2,0.0
maxsGeH3,0.0
maxsCl,0.0
maxSm,0.0
maxaOm,0.0
maxssssNp,0.0
maxaasN,0.0
maxHCHnX,0.0
maxsBH2,0.0
maxssssBem,0.0
maxssBe,0.0
maxsLi,0.0
maxHmisc,0.0
maxHAvin,0.0
maxHdsCH,0.0
maxddsN,0.0
maxHdCH2,0.0
maxHtCH,0.0
maxHsssNHp,0.0
maxHssNH2p,0.0
maxHsNH3p,0.0
maxHaaNH,0.0
maxssBH,0.0
maxsssB,0.0
maxssssBm,0.0
maxdCH2,0.0
maxtCH,0.0
maxddC,0.0
maxtsC,0.0
maxssssC,0.0
maxsNH3p,0.0
maxsNH2,0.0
maxssNH2p,0.0
maxdNH,0.0
maxssNH,0.0
maxaaNH,0.0
maxtN,0.0
maxsssNHp,0.0
maxdsN,0.0
maxssSe,0.0
maxaaSe,0.0
maxdssSe,0.0
nF4Ring,0.0
nF10Ring,0.0
nF9Ring,0.0
nF8Ring,0.0
nF7Ring,0.0
nF6Ring,0.0
nF5Ring,0.0
nFRing,0.0
n6Ring,0.0
nG12Ring,0.0
n12Ring,0.0
n11Ring,0.0
n10Ring,0.0
n9Ring,0.0
n8Ring,0.0
nF11Ring,0.0
nF12Ring,0.0
nFG12Ring,0.0
nTRing,0.0
nT4Ring,0.0
nT5Ring,0.0
nT6Ring,0.0
nT7Ring,0.0
nT8Ring,0.0
nT9Ring,0.0
nT10Ring,0.0
nT11Ring,0.0
nT12Ring,0.0
nTG12Ring,0.0
nRotB,0.0
LipinskiFailures,0.0
VAdjMat,0.0
n7Ring,0.0
n5Ring,0.0
maxssssssSe,0.0
maxsPbH3,0.0
ETA_Epsilon_2,0.0
ETA_dAlpha_B,0.0
ETA_dAlpha_A,0.0
maxssssPb,0.0
maxsssPbH,0.0
maxssPbH2,0.0
maxsI,0.0
n4Ring,0.0
maxssssSn,0.0
maxsssSnH,0.0
maxssSnH2,0.0
maxsSnH3,0.0
maxsBr,0.0
maxddssSe,0.0
ETA_dPsi_A,0.0
ETA_dPsi_B,0.0
ETA_Shape_X,0.0
ETA_Beta_s,0.0
ETA_Eta_R_L,0.0
fragC,0.0
nHBAcc3,0.0
nHBAcc_Lipinski,0.0
nHBDon,0.0
nHBDon_Lipinski,0.0
Kier1,0.0
MDEC-44,0.0
MDEN-11,0.0
MDEN-12,0.0
MDEN-13,0.0
nRing,0.0
n3Ring,0.0
maxHsNH2,0.0
maxHdNH,0.0
StN,0.0
SsBr,0.0
SsPbH3,0.0
SsI,0.0
SssssSn,0.0
SsssSnH,0.0
SssSnH2,0.0
SsSnH3,0.0
SddssSe,0.0
SsssPbH,0.0
SssssssSe,0.0
SdssSe,0.0
SaaSe,0.0
SssSe,0.0
SdSe,0.0
SsSeH,0.0
SssPbH2,0.0
SssssPb,0.0
maxHBint9,0.0
minHdCH2,0.0
minsBH2,0.0
minssssBem,0.0
minssBe,0.0
minsLi,0.0
minHmisc,0.0
minHCHnX,0.0
minHtCH,0.0
minwHBd,0.0
minHsssNHp,0.0
minHsNH3p,0.0
minHaaNH,0.0
minHsNH2,0.0
minHsSH,0.0
minHdNH,0.0
SsssssAs,0.0
SddsAs,0.0
SdsssAs,0.0
SsF,0.0
SssPH,0.0
SsPH2,0.0
SssssSi,0.0
SsssSiH,0.0
SssSiH2,0.0
SsSiH3,0.0
SsOm,0.0
SsssAs,0.0
SaOm,0.0
SssssNp,0.0
SaasN,0.0
SddsN,0.0
SdsN,0.0
SsssNHp,0.0
SsssP,0.0
SdsssP,0.0
SddsP,0.0
SsssssP,0.0
SsSH,0.0
SdS,0.0
SdssS,0.0
SddssS,0.0
SssssssS,0.0
SSm,0.0
SsCl,0.0
SsGeH3,0.0
SssGeH2,0.0
SsssGeH,0.0
SssssGe,0.0
SsAsH2,0.0
SssAsH,0.0
minssBH,0.0
minsssB,0.0
minssssBm,0.0
minsssAs,0.0
minssSe,0.0
mindSe,0.0
minsSeH,0.0
minsssssAs,0.0
minddsAs,0.0
mindsssAs,0.0
minssAsH,0.0
minddssS,0.0
minsAsH2,0.0
minssssGe,0.0
minsssGeH,0.0
minssGeH2,0.0
minsGeH3,0.0
minSm,0.0
minaaSe,0.0
mindssSe,0.0
minssssssSe,0.0
minddssSe,0.0
minsBr,0.0
minsSnH3,0.0
minssSnH2,0.0
minsssSnH,0.0
minssssSn,0.0
minsI,0.0
minsPbH3,0.0
minssPbH2,0.0
minsssPbH,0.0
minssssPb,0.0
maxwHBd,0.0
maxHBint5,0.0
maxHBint7,0.0
minssssssS,0.0
mindssS,0.0
mindCH2,0.0
minssNH,0.0
minddsN,0.0
minsssN,0.0
mindsN,0.0
minsssNHp,0.0
mintN,0.0
minaaNH,0.0
mindNH,0.0
minaaS,0.0
minssNH2p,0.0
minsNH2,0.0
minsNH3p,0.0
mintsC,0.0
minddC,0.0
mintCH,0.0
minaasN,0.0
minssssNp,0.0
minaOm,0.0
minsOm,0.0
minsSiH3,0.0
minssSiH2,0.0
minsssSiH,0.0
minssssSi,0.0
minsPH2,0.0
minssPH,0.0
minsssP,0.0
mindsssP,0.0
minddsP,0.0
minsssssP,0.0
minsSH,0.0
mindS,0.0
minssS,0.0
nAcid,0.0
